order_id,order_date,customer_id,product_id,supplier_id,quantity,sales_amount,cost_amount,order_status,profit
O00001,2025-11-08,C0045,P0010,S021,14,16461.93,14993.58,Delivered,1468.35
O00002,2025-04-27,C0058,P0016,S003,11,53099.46,44055.22,Delivered,9044.24
O00037,2025-05-02,C0118,P0061,S024,1,6976.05,4686.22,Delivered,2289.83
O00038,2025-12-14,C0022,P0041,S019,10,56537.01,38058.20,Delivered,18478.81
O00039,2025-06-13,C0120,P0033,S021,14,47393.56,41348.58,Delivered,6044.98
O00040,2025-03-31,C0050,P0050,S003,13,153266.46,96572.19,Delivered,56694.27
O00041,2025-05-16,C0014,P0068,S012,3,31430.57,20860.50,Delivered,10570.07
O00042,2025-07-05,C0029,P0071,S019,14,121470.77,95006.94,Delivered,26463.83
O00043,2025-11-12,C0125,P0033,S019,11,36673.08,32488.17,Delivered,4184.91
O00044,2025-06-27,C0007,P0024,S013,2,13571.78,9990.22,Delivered,3581.56
O00045,2025-01-28,C0029,P0061,S007,2,13171.12,9372.44,Delivered,3798.68
O00046,2025-08-08,C0139,P0061,S015,7,45003.61,32803.54,Delivered,12200.07
O00047,2025-12-23,C0033,P0028,S023,12,86954.68,63106.80,Delivered,23847.88
O00048,2025-02-10,C0134,P0058,S007,10,34396.85,26536.10,Processing,7860.75
O00049,2025-08-16,C0111,P0043,S008,2,28250.42,18368.08,Processing,9882.34
O00050,2025-07-11,C0079,P0041,S005,11,63408.95,41864.02,Delivered,21544.93
O00051,2025-05-25,C0058,P0039,S021,4,8001.61,6119.84,Cancelled,1881.77
O00052,2025-07-20,C0026,P0049,S014,2,18842.08,13037.18,Delivered,5804.90
O00053,2025-07-31,C0029,P0017,S004,6,102420.63,70703.46,Delivered,31717.17
O00054,2025-08-08,C0004,P0070,S023,8,85187.24,56067.76,Cancelled,29119.48
O00055,2025-08-28,C0099,P0070,S010,10,101888.21,70084.70,Delivered,31803.51
O00056,2025-02-15,C0141,P0065,S020,4,2870.98,2265.28,Returned,605.70
O00057,2025-02-04,C0039,P0074,S015,15,133282.45,96877.50,Delivered,36404.95
O00058,2025-09-10,C0015,P0005,S018,5,22218.25,18069.80,Processing,4148.45
O00059,2025-03-23,C0119,P0002,S020,4,55242.38,44668.80,Delivered,10573.58
O00060,2025-09-13,C0029,P0022,S013,3,44864.56,34759.50,Delivered,10105.06
O00062,2025-10-30,C0116,P0066,S009,14,220655.64,162598.94,Processing,58056.70
O00063,2025-01-10,C0032,P0074,S016,9,75462.02,58126.50,Delivered,17335.52
O00064,2025-11-08,C0130,P0016,S019,8,36999.67,32040.16,Returned,4959.51
O00065,2025-10-13,C0084,P0051,S016,8,137422.25,90692.72,Delivered,46729.53
O00066,2025-08-30,C0022,P0039,S007,8,16232.57,12239.68,Delivered,3992.89
O00067,2025-09-08,C0027,P0040,S014,12,17575.39,14308.92,Delivered,3266.47
O00068,2025-12-31,C0081,P0038,S014,8,66245.37,54686.72,Delivered,11558.65
O00069,2025-01-05,C0126,P0060,S025,7,41708.12,28735.00,Cancelled,12973.12
O00070,2025-04-29,C0092,P0059,S004,8,6409.71,4509.28,Delivered,1900.43
O00071,2025-10-16,C0021,P0010,S015,11,13876.60,11780.67,Delivered,2095.93
O00072,2025-03-06,C0047,P0064,S003,14,90547.94,59432.94,Delivered,31115.00
O00073,2025-05-26,C0101,P0063,S005,8,69450.35,48022.80,Delivered,21427.55
O00074,2025-08-12,C0084,P0049,S001,13,124322.78,84741.67,Cancelled,39581.11
O00075,2025-08-27,C0006,P0064,S003,14,89689.68,59432.94,Delivered,30256.74
O00076,2025-06-26,C0147,P0032,S015,8,120245.71,87928.32,Delivered,32317.39
O00077,2025-09-24,C0131,P0007,S024,12,141740.36,102432.48,Returned,39307.88
O00078,2025-12-07,C0001,P0021,S008,10,121068.31,99516.40,Cancelled,21551.91
O00079,2025-10-09,C0058,P0020,S004,7,55425.96,45438.96,Delivered,9987.00
O00080,2025-03-04,C0124,P0026,S002,12,197762.61,139649.88,Delivered,58112.73
O00081,2025-08-05,C0015,P0068,S024,1,10078.37,6953.50,Delivered,3124.87
O00082,2025-12-08,C0064,P0015,S024,4,31205.62,21271.36,Delivered,9934.26
O00083,2025-11-11,C0025,P0014,S010,13,7411.69,5572.32,Cancelled,1839.37
O00084,2025-10-10,C0024,P0027,S004,13,10322.83,7653.10,Processing,2669.73
O00085,2025-06-26,C0012,P0040,S003,4,5870.35,4769.64,Delivered,1100.71
O00086,2025-04-08,C0018,P0058,S002,5,16657.52,13268.05,Delivered,3389.47
O00087,2025-04-15,C0015,P0028,S025,10,78805.34,52589.00,Delivered,26216.34
O00061,2025-07-16,C0075,P0057,S008,5,,12797.70,Delivered,
O00088,2025-04-09,C0027,P0026,S017,6,105184.48,69824.94,Delivered,35359.54
O00089,2025-11-07,,P0063,S023,4,35045.33,24011.40,Delivered,11033.93
O00090,2025-01-06,C0060,P0066,S021,15,245323.38,174213.15,Delivered,71110.23
O00091,2025-07-16,C0145,P0025,S024,2,4409.94,3492.80,Delivered,917.14
O00092,2025-12-17,C0093,P0003,S020,6,22242.08,15516.78,Delivered,6725.30
O00093,2025-05-13,C0053,P0072,S023,15,174227.20,122852.25,Delivered,51374.95
O00094,2025-12-24,C0008,P0044,S013,8,46632.44,33768.16,Delivered,12864.28
O00095,2025-09-16,C0079,P0042,S005,15,38375.37,32796.45,Delivered,5578.92
O00096,2025-01-23,C0027,P0006,S021,8,99089.44,81593.36,Delivered,17496.08
O00097,2025-02-22,C0050,P0039,S009,7,13441.25,10709.72,Delivered,2731.53
O00098,2025-06-14,C0131,P0052,S025,6,69430.38,46039.20,Delivered,23391.18
O00099,2025-07-21,C0093,P0023,S025,2,23810.33,20240.14,Delivered,3570.19
O00100,2025-03-24,C0024,P0050,S022,15,177436.74,111429.45,Processing,66007.29
O00101,2025-05-25,C0060,P0043,S006,7,93032.38,64288.28,Returned,28744.10
O00102,2025-03-26,C0122,P0019,S005,11,7568.43,6183.43,Processing,1385.00
O00103,2025-03-19,C0131,P0069,S025,12,24152.79,19434.12,Delivered,4718.67
O00104,2025-01-01,C0148,P0051,S010,14,226703.45,158712.26,Cancelled,67991.19
O00105,2025-02-20,C0046,P0011,S008,14,132548.80,106007.16,Processing,26541.64
O00106,2025-06-22,C0015,P0012,S007,5,6427.26,4721.00,Delivered,1706.26
O00107,2025-07-24,C0017,P0074,S007,6,54023.09,38751.00,Delivered,15272.09
O00108,2025-09-17,C0126,P0008,S006,10,46038.18,36284.70,Cancelled,9753.48
O00109,2025-10-15,C0084,P0024,S021,8,55000.89,39960.88,Delivered,15040.01
O00110,2025-02-03,C0009,P0041,S020,14,84724.47,53281.48,Delivered,31442.99
O00111,2025-12-14,C0063,P0036,S003,8,87461.24,63356.96,Processing,24104.28
O00112,2025-04-05,C0117,P0072,S019,3,35388.25,24570.45,Processing,10817.80
O00113,2025-03-13,C0130,P0055,S022,12,165769.66,118387.32,Delivered,47382.34
O00114,2025-02-08,C0088,P0009,S015,12,51739.33,37786.32,Delivered,13953.01
O00115,2025-06-03,C0072,P0047,S004,14,53914.18,44864.82,Delivered,9049.36
O00116,2025-09-07,C0139,P0015,S012,7,53580.38,37224.88,Processing,16355.50
O00117,2025-06-11,C0064,P0048,S006,1,14814.82,11207.89,Delivered,3606.93
O00118,2025-04-28,C0072,P0042,S019,1,2478.50,2186.43,Delivered,292.07
O00119,2025-09-16,C0021,P0060,S004,7,42169.72,28735.00,Cancelled,13434.72
O00120,2025-11-02,C0018,P0070,S015,15,149705.59,105127.05,Delivered,44578.54
O00121,2025-09-25,C0064,P0012,S009,15,18206.77,14163.00,Delivered,4043.77
O00122,2025-02-23,C0082,P0002,S005,10,132283.36,111672.00,Delivered,20611.36
O00123,2025-08-24,C0110,P0007,S013,9,101630.46,76824.36,Delivered,24806.10
O00124,2025-08-10,C0095,P0003,S023,7,24630.82,18102.91,Delivered,6527.91
O00125,2025-09-08,C0032,P0003,S018,10,37839.73,25861.30,Delivered,11978.43
O00126,2025-11-09,C0011,P0027,S005,5,4006.63,2943.50,Delivered,1063.13
O00127,2025-04-22,C0045,P0040,S025,8,11696.07,9539.28,Delivered,2156.79
O00128,2025-09-12,C0033,P0033,S016,2,7294.52,5906.94,Processing,1387.58
O00129,2025-10-30,C0102,P0001,S019,9,64566.64,43171.47,Returned,21395.17
O00130,2025-07-26,C0136,P0008,S014,6,29587.99,21770.82,Returned,7817.17
O00131,2025-08-17,C0011,P0032,S025,13,187399.45,142883.52,Delivered,44515.93
O00132,2025-12-07,C0088,P0048,S016,9,138482.65,100871.01,Delivered,37611.64
O00133,2025-03-07,C0041,P0004,S015,2,11468.81,8735.80,Delivered,2733.01
O00134,2025-03-16,C0145,P0070,S022,3,30608.62,21025.41,Cancelled,9583.21
O00135,2025-04-13,C0076,P0019,S004,12,8481.26,6745.56,Delivered,1735.70
O00136,2025-07-11,C0121,P0032,S007,8,116442.88,87928.32,Returned,28514.56
O00137,2025-09-09,C0046,P0009,S016,1,4232.46,3148.86,Delivered,1083.60
O00138,2025-08-14,C0080,P0012,S024,15,17758.79,14163.00,Returned,3595.79
O00139,2025-10-21,C0054,P0011,S022,10,96026.55,75719.40,Cancelled,20307.15
O00140,2025-11-02,C0086,P0046,S021,15,269444.50,170922.45,Processing,98522.05
O00141,2025-04-08,C0092,P0016,S022,15,72118.53,60075.30,Delivered,12043.23
O00142,2025-12-04,C0148,P0001,S021,15,102628.65,71952.45,Delivered,30676.20
O00143,2025-10-13,C0097,P0063,S008,7,57365.22,42019.95,Delivered,15345.27
O00144,2025-12-01,C0002,P0021,S017,7,91108.06,69661.48,Delivered,21446.58
O00145,2025-12-13,C0033,P0030,S016,13,18182.85,13811.07,Delivered,4371.78
O00146,2025-11-04,C0077,P0013,S023,1,1040.43,704.15,Delivered,336.28
O00147,2025-09-06,C0116,P0034,S010,9,31142.48,20484.99,Delivered,10657.49
O00148,2025-06-15,C0150,P0004,S010,8,42942.51,34943.20,Delivered,7999.31
O00149,2025-12-01,C0103,P0028,S002,4,30418.09,21035.60,Delivered,9382.49
O00150,2025-01-30,C0103,P0059,S009,10,8159.19,5636.60,Delivered,2522.59
O00151,2025-09-04,C0090,P0027,S017,11,8558.39,6475.70,Returned,2082.69
O00152,2025-04-16,C0122,P0069,S011,5,10319.03,8097.55,Delivered,2221.48
O00153,2025-02-20,C0143,P0025,S010,2,4145.31,3492.80,Delivered,652.51
O00154,2025-03-22,C0106,P0003,S022,13,48825.55,33619.69,Delivered,15205.86
O00155,2025-05-13,C0119,P0068,S025,9,91788.05,62581.50,Processing,29206.55
O00156,2025-10-12,C0049,P0025,S017,15,30317.35,26196.00,Delivered,4121.35
O00157,2025-05-18,C0104,P0020,S004,12,100482.23,77895.36,Delivered,22586.87
O00158,2025-07-03,C0061,P0034,S016,12,40608.82,27313.32,Delivered,13295.50
O00159,2025-11-26,C0123,P0026,S020,6,103306.08,69824.94,Delivered,33481.14
O00160,2025-09-30,C0134,P0005,S015,3,13764.29,10841.88,Delivered,2922.41
O00161,2025-12-06,C0009,P0061,S025,12,83959.53,56234.64,Returned,27724.89
O00162,2025-03-10,C0006,P0009,S021,7,29487.29,22042.02,Returned,7445.27
O00163,2025-02-03,C0073,P0050,S005,9,104992.01,66857.67,Delivered,38134.34
O00164,2025-09-19,C0103,P0006,S006,3,37499.51,30597.51,Delivered,6902.00
O00165,2025-02-22,C0041,P0060,S017,2,11905.06,8210.00,Delivered,3695.06
O00166,2025-07-24,C0114,P0044,S001,7,38711.41,29547.14,Delivered,9164.27
O00167,2025-05-06,C0008,P0011,S025,7,65021.28,53003.58,Delivered,12017.70
O00168,2025-08-23,C0072,P0066,S019,4,65494.24,46456.84,Delivered,19037.40
O00169,2025-02-12,C0092,P0047,S004,11,39664.33,35250.93,Returned,4413.40
O00170,2025-08-28,C0062,P0073,S017,9,33426.90,26415.09,Returned,7011.81
O00171,2025-04-21,C0084,P0003,S009,14,51618.66,36205.82,Delivered,15412.84
O00172,2025-09-06,C0062,P0030,S024,8,11256.54,8499.12,Delivered,2757.42
O00173,2025-05-31,C0111,P0021,S002,13,159283.50,129371.32,Delivered,29912.18
O00174,2025-07-02,C0127,P0028,S008,13,96968.92,68365.70,Delivered,28603.22
O00175,2025-12-02,C0007,P0062,S015,1,5093.83,4153.43,Delivered,940.40
O00176,2025-04-05,C0084,P0033,S007,1,3602.62,2953.47,Delivered,649.15
O00177,2025-01-08,C0132,P0035,S006,5,52993.99,38477.10,Cancelled,14516.89
O00178,2025-12-26,C0134,P0052,S001,6,69945.42,46039.20,Processing,23906.22
O00179,2025-07-03,C0058,P0034,S015,3,10900.06,6828.33,Delivered,4071.73
O00180,2025-10-08,C0022,P0041,S023,13,76084.71,49475.66,Delivered,26609.05
O00181,2025-07-14,C0127,P0051,S007,9,146107.90,102029.31,Delivered,44078.59
O00182,2025-12-18,C0003,P0047,S025,12,42450.13,38455.56,Delivered,3994.57
O00183,2025-07-14,C0127,P0058,S017,10,33815.52,26536.10,Delivered,7279.42
O00184,2025-06-04,C0041,P0075,S002,14,87791.41,66310.44,Delivered,21480.97
O00185,2025-04-03,C0106,P0057,S009,15,48471.66,38393.10,Delivered,10078.56
O00186,2025-06-09,C0014,P0023,S009,6,72848.32,60720.42,Delivered,12127.90
O00187,2025-03-02,C0012,P0048,S013,4,59930.78,44831.56,Returned,15099.22
O00188,2025-05-02,C0087,P0022,S006,12,187151.85,139038.00,Delivered,48113.85
O00189,2025-02-20,C0012,P0017,S006,7,124415.28,82487.37,Delivered,41927.91
O00190,2025-10-04,C0141,P0069,S020,8,15634.72,12956.08,Delivered,2678.64
O00191,2025-01-05,C0025,P0011,S020,9,87656.36,68147.46,Delivered,19508.90
O00192,2025-04-02,C0045,P0015,S021,13,98524.28,69131.92,Delivered,29392.36
O00193,2025-06-19,C0122,P0035,S003,11,110658.47,84649.62,Returned,26008.85
O00194,2025-11-13,C0147,P0033,S017,6,21872.72,17720.82,Cancelled,4151.90
O00195,2025-01-22,C0055,P0016,S017,15,69715.10,60075.30,Delivered,9639.80
O00196,2025-11-22,C0100,P0034,S012,6,21659.16,13656.66,Delivered,8002.50
O00197,2025-01-01,C0136,P0066,S016,8,133533.53,92913.68,Delivered,40619.85
O00198,2025-05-13,C0119,P0040,S015,12,17334.78,14308.92,Delivered,3025.86
O00199,2025-08-21,C0053,P0028,S013,5,39093.79,26294.50,Processing,12799.29
O00200,2025-01-12,C0032,P0047,S023,14,51025.26,44864.82,Delivered,6160.44
O00202,2025-02-15,C0044,P0070,S017,12,126261.26,84101.64,Delivered,42159.62
O00203,2025-02-03,C0082,P0073,S003,3,11722.39,8805.03,Delivered,2917.36
O00204,2025-03-19,C0146,P0020,S015,13,112654.05,84386.64,Returned,28267.41
O00205,2025-08-06,C0150,P0001,S004,6,44851.60,28780.98,Delivered,16070.62
O00206,2025-10-28,C0037,P0072,S004,2,24474.53,16380.30,Processing,8094.23
O00207,2025-03-14,C0096,P0063,S018,6,50389.47,36017.10,Delivered,14372.37
O00208,2025-10-09,C0056,P0067,S017,13,96319.27,66810.90,Processing,29508.37
O00209,2025-09-06,C0105,P0004,S019,6,33223.17,26207.40,Delivered,7015.77
O00210,2025-02-16,C0059,P0058,S011,8,28806.01,21228.88,Delivered,7577.13
O00211,2025-05-01,C0131,P0025,S020,7,14966.64,12224.80,Cancelled,2741.84
O00212,2025-08-02,C0035,P0047,S003,8,29068.19,25637.04,Delivered,3431.15
O00213,2025-08-27,C0093,P0038,S008,14,114620.73,95701.76,Delivered,18918.97
O00214,2025-02-25,C0097,P0015,S014,9,68247.82,47860.56,Delivered,20387.26
O00215,2025-12-16,C0135,P0063,S001,6,52892.73,36017.10,Processing,16875.63
O00216,2025-04-17,C0076,P0021,S014,14,172162.45,139322.96,Delivered,32839.49
O00217,2025-11-15,C0049,P0057,S002,3,9749.00,7678.62,Returned,2070.38
O00218,2025-02-17,C0094,P0053,S023,10,110794.10,81583.00,Delivered,29211.10
O00219,2025-03-02,C0024,P0046,S004,3,53060.65,34184.49,Delivered,18876.16
O00220,2025-12-03,C0148,P0014,S024,11,6492.42,4715.04,Processing,1777.38
O00221,2025-01-26,C0037,P0017,S019,12,201178.52,141406.92,Processing,59771.60
O00222,2025-10-19,C0004,P0039,S006,1,1902.94,1529.96,Cancelled,372.98
O00223,2025-09-14,C0108,P0009,S025,11,46185.51,34637.46,Returned,11548.05
O00224,2025-01-08,C0126,P0006,S001,15,184283.45,152987.55,Delivered,31295.90
O00225,2025-04-23,C0020,P0023,S017,13,155165.61,131560.91,Delivered,23604.70
O00226,2025-12-21,C0050,P0059,S008,15,11358.14,8454.90,Delivered,2903.24
O00227,2025-09-10,C0096,P0046,S019,5,89508.39,56974.15,Processing,32534.24
O00228,2025-06-29,C0105,P0038,S021,14,120457.79,95701.76,Cancelled,24756.03
O00229,2025-07-26,C0117,P0014,S001,4,2357.41,1714.56,Delivered,642.85
O00230,2025-10-30,C0098,P0072,S005,9,111761.84,73711.35,Delivered,38050.49
O00231,2025-05-07,C0066,P0062,S016,15,74237.69,62301.45,Delivered,11936.24
O00232,2025-02-25,C0079,P0035,S006,9,95032.86,69258.78,Cancelled,25774.08
O00233,2025-08-02,C0006,P0019,S008,15,10844.41,8431.95,Delivered,2412.46
O00234,2025-01-14,C0039,P0030,S013,14,19569.00,14873.46,Delivered,4695.54
O00235,2025-01-28,C0115,P0025,S016,5,10397.19,8732.00,Delivered,1665.19
O00236,2025-03-19,C0125,P0040,S003,10,14098.61,11924.10,Cancelled,2174.51
O00237,2025-08-04,C0012,P0014,S019,4,2348.62,1714.56,Delivered,634.06
O00238,2025-12-31,C0131,P0026,S012,7,119662.85,81462.43,Delivered,38200.42
O00239,2025-06-03,C0018,P0022,S016,15,223208.60,173797.50,Delivered,49411.10
O00240,2025-01-14,C0040,P0048,S011,6,88066.07,67247.34,Delivered,20818.73
O00241,2025-07-06,C0021,P0051,S010,4,65709.46,45346.36,Processing,20363.10
O00242,2025-11-08,C0143,P0003,S025,13,46555.43,33619.69,Returned,12935.74
O00243,2025-01-07,C0099,P0042,S020,13,32965.26,28423.59,Delivered,4541.67
O00244,2025-01-03,C0026,P0019,S004,15,10302.83,8431.95,Delivered,1870.88
O00245,2025-04-21,C0008,P0073,S012,10,39593.14,29350.10,Delivered,10243.04
O00246,2025-08-26,C0100,P0028,S023,2,14917.21,10517.80,Delivered,4399.41
O00247,2025-12-29,C0087,P0045,S002,1,8848.68,7832.31,Cancelled,1016.37
O00248,2025-08-27,C0042,P0071,S024,4,34400.97,27144.84,Delivered,7256.13
O00249,2025-10-01,C0014,P0063,S022,4,32685.11,24011.40,Delivered,8673.71
O00250,2025-10-21,C0078,P0073,S019,13,50238.92,38155.13,Delivered,12083.79
O00251,2025-08-15,C0002,P0019,S025,1,728.80,562.13,Delivered,166.67
O00252,2025-01-15,C0119,P0047,S005,6,21595.91,19227.78,Delivered,2368.13
O00253,2025-07-11,C0037,P0014,S008,4,2260.26,1714.56,Delivered,545.70
O00254,2025-04-29,C0069,P0038,S007,1,8181.90,6835.84,Delivered,1346.06
O00255,2025-01-28,C0041,P0053,S014,1,10801.42,8158.30,Processing,2643.12
O00256,2025-07-21,C0062,P0061,S024,15,96167.13,70293.30,Delivered,25873.83
O00257,2025-02-08,C0060,P0036,S023,13,132989.82,102955.06,Delivered,30034.76
O00258,2025-09-30,C0125,P0040,S003,1,1387.21,1192.41,Returned,194.80
O00259,2025-08-19,C0111,P0030,S018,8,11263.74,8499.12,Delivered,2764.62
O00260,2025-03-27,C0014,P0009,S016,10,44697.59,31488.60,Processing,13208.99
O00261,2025-05-06,C0084,P0064,S023,8,52260.37,33961.68,Delivered,18298.69
O00262,2025-10-27,C0130,P0033,S019,2,6768.11,5906.94,Delivered,861.17
O00263,2025-01-25,C0070,P0052,S019,11,120038.05,84405.20,Delivered,35632.85
O00264,2025-05-25,C0145,P0014,S018,13,7990.06,5572.32,Delivered,2417.74
O00265,2025-01-13,C0123,P0075,S020,7,42321.26,33155.22,Delivered,9166.04
O00266,2025-07-31,C0089,P0053,S016,14,163371.96,114216.20,Returned,49155.76
O00267,2025-01-25,C0028,P0059,S008,8,6219.86,4509.28,Delivered,1710.58
O00268,2025-03-09,C0066,P0041,S001,8,47479.66,30446.56,Delivered,17033.10
O00269,2025-03-08,C0005,P0068,S017,11,110607.95,76488.50,Delivered,34119.45
O00270,2025-08-21,C0045,P0068,S012,10,98500.83,69535.00,Delivered,28965.83
O00271,2025-04-19,C0047,P0008,S021,15,71514.35,54427.05,Delivered,17087.30
O00272,2025-05-26,C0031,P0002,S011,11,144761.07,122839.20,Delivered,21921.87
O00273,2025-04-21,C0139,P0041,S005,13,73999.22,49475.66,Processing,24523.56
O00274,2025-08-16,C0010,P0055,S012,7,94919.91,69059.27,Returned,25860.64
O00275,2025-04-21,C0118,P0016,S017,5,24978.02,20025.10,Delivered,4952.92
O00276,2025-02-03,C0014,P0062,S006,1,5426.17,4153.43,Delivered,1272.74
O00277,2025-04-21,C0080,P0048,S001,12,179077.25,134494.68,Returned,44582.57
O00278,2025-09-21,C0093,P0030,S005,9,12389.97,9561.51,Processing,2828.46
O00279,2025-08-24,C0010,P0012,S025,13,15574.34,12274.60,Delivered,3299.74
O00280,2025-03-24,C0076,P0035,S014,7,74385.91,53867.94,Returned,20517.97
O00281,2025-02-11,C0094,P0011,S005,2,18263.38,15143.88,Delivered,3119.50
O00282,2025-04-11,C0105,P0064,S022,6,40729.18,25471.26,Returned,15257.92
O00283,2025-01-06,C0001,P0050,S024,2,22299.69,14857.26,Delivered,7442.43
O00284,2025-06-29,C0133,P0021,S001,15,185890.53,149274.60,Delivered,36615.93
O00285,2025-10-09,C0020,P0069,S018,1,2045.32,1619.51,Cancelled,425.81
O00286,2025-11-16,C0008,P0048,S016,14,218286.86,156910.46,Delivered,61376.40
O00287,2025-08-14,C0001,P0020,S009,7,58014.53,45438.96,Delivered,12575.57
O00288,2025-11-11,C0057,P0067,S019,13,91314.07,66810.90,Delivered,24503.17
O00289,2025-12-31,C0064,P0044,S022,2,11836.41,8442.04,Returned,3394.37
O00290,2025-08-17,C0118,P0033,S005,13,43364.11,38395.11,Cancelled,4969.00
O00291,2025-10-16,C0028,P0073,S002,14,55574.18,41090.14,Processing,14484.04
O00292,2025-05-30,C0121,P0061,S015,14,90060.85,65607.08,Delivered,24453.77
O00293,2025-10-04,C0107,P0009,S007,2,9033.96,6297.72,Cancelled,2736.24
O00294,2025-07-17,C0049,P0068,S004,13,131947.83,90395.50,Delivered,41552.33
O00295,2025-03-11,C0120,P0035,S001,11,113026.05,84649.62,Delivered,28376.43
O00296,2025-04-22,C0044,P0065,S013,5,3869.14,2831.60,Processing,1037.54
O00297,2025-01-04,C0056,P0008,S020,14,63687.14,50798.58,Delivered,12888.56
O00298,2025-12-16,C0111,P0045,S022,5,44537.15,39161.55,Delivered,5375.60
O00299,2025-11-27,C0134,P0047,S007,7,26108.06,22432.41,Delivered,3675.65
O00300,2025-11-14,C0108,P0040,S015,1,1395.16,1192.41,Delivered,202.75
O00301,2025-12-16,C0148,P0054,S023,8,19429.31,13033.20,Cancelled,6396.11
O00302,2025-04-05,C0114,P0046,S014,3,48988.63,34184.49,Delivered,14804.14
O00303,2025-06-01,C0078,P0047,S023,4,14251.36,12818.52,Processing,1432.84
O00304,2025-11-07,C0130,P0015,S019,15,108954.81,79767.60,Delivered,29187.21
O00305,2025-05-17,C0037,P0019,S022,9,6231.91,5059.17,Delivered,1172.74
O00306,2025-09-04,C0020,P0026,S024,4,66566.38,46549.96,Delivered,20016.42
O00307,2025-08-31,C0026,P0052,S020,10,115669.85,76732.00,Processing,38937.85
O00308,2025-01-31,C0029,P0022,S024,12,192840.27,139038.00,Delivered,53802.27
O00309,2025-02-09,C0001,P0021,S018,15,194180.46,149274.60,Returned,44905.86
O00310,2025-08-17,C0119,P0051,S010,5,82275.72,56682.95,Delivered,25592.77
O00311,2025-02-05,C0035,P0038,S009,7,57723.36,47850.88,Delivered,9872.48
O00312,2025-08-11,C0059,P0020,S025,4,32252.99,25965.12,Delivered,6287.87
O00313,2025-01-06,C0069,P0029,S008,14,51612.21,43193.36,Returned,8418.85
O00314,2025-11-18,C0012,P0051,S010,1,16975.53,11336.59,Processing,5638.94
O00315,2025-08-08,C0020,P0004,S017,9,47079.26,39311.10,Delivered,7768.16
O00316,2025-03-16,C0043,P0055,S002,4,53704.81,39462.44,Delivered,14242.37
O00317,2025-01-04,C0126,P0071,S006,9,79378.05,61075.89,Processing,18302.16
O00318,2025-12-01,C0050,P0028,S005,6,45522.45,31553.40,Processing,13969.05
O00319,2025-05-14,C0029,P0004,S009,15,81559.38,65518.50,Delivered,16040.88
O00320,2025-04-28,C0039,P0022,S005,1,14694.03,11586.50,Cancelled,3107.53
O00321,2025-04-04,C0038,P0045,S018,12,107116.75,93987.72,Returned,13129.03
O00322,2025-03-03,C0084,P0067,S020,3,22014.62,15417.90,Delivered,6596.72
O00323,2025-07-13,C0128,P0066,S009,11,169056.14,127756.31,Cancelled,41299.83
O00324,2025-12-01,C0126,P0034,S017,2,6878.00,4552.22,Delivered,2325.78
O00325,2025-07-22,C0045,P0055,S017,9,118301.23,88790.49,Delivered,29510.74
O00326,2025-01-26,C0052,P0001,S012,15,106810.65,71952.45,Delivered,34858.20
O00327,2025-06-22,C0080,P0072,S007,12,135305.06,98281.80,Delivered,37023.26
O00328,2025-10-27,C0124,P0038,S003,1,8560.13,6835.84,Cancelled,1724.29
O00329,2025-05-13,C0119,P0006,S010,13,164912.14,132589.21,Delivered,32322.93
O00330,2025-11-22,C0008,P0025,S002,14,30261.66,24449.60,Delivered,5812.06
O00331,2025-04-28,C0085,P0017,S025,9,154139.58,106055.19,Delivered,48084.39
O00332,2025-11-20,C0129,P0061,S003,9,62024.94,42175.98,Delivered,19848.96
O00333,2025-10-02,C0008,P0012,S016,8,9928.03,7553.60,Delivered,2374.43
O00334,2025-07-31,C0096,P0006,S002,8,97051.00,81593.36,Delivered,15457.64
O00335,2025-08-13,C0102,P0027,S024,11,8586.40,6475.70,Delivered,2110.70
O00336,2025-01-20,C0005,P0008,S010,14,63683.35,50798.58,Cancelled,12884.77
O00337,2025-04-23,C0086,P0065,S006,12,8631.68,6795.84,Processing,1835.84
O00338,2025-05-20,C0034,P0057,S022,1,3302.07,2559.54,Delivered,742.53
O00339,2025-02-16,C0055,P0040,S011,11,15179.44,13116.51,Cancelled,2062.93
O00340,2025-01-01,C0119,P0014,S023,8,4783.95,3429.12,Delivered,1354.83
O00341,2025-03-31,C0114,P0035,S007,10,103202.55,76954.20,Delivered,26248.35
O00342,2025-05-22,C0145,P0048,S015,14,219412.47,156910.46,Delivered,62502.01
O00343,2025-11-16,C0026,P0056,S006,3,43626.71,29589.24,Delivered,14037.47
O00344,2025-02-07,C0136,P0049,S020,11,105992.80,71704.49,Delivered,34288.31
O00345,2025-10-20,C0047,P0013,S009,7,7246.38,4929.05,Processing,2317.33
O00346,2025-05-19,C0113,P0061,S022,11,71092.27,51548.42,Delivered,19543.85
O00347,2025-12-22,C0076,P0049,S020,15,138840.69,97778.85,Processing,41061.84
O00348,2025-11-29,C0072,P0046,S012,1,16300.78,11394.83,Delivered,4905.95
O00349,2025-09-16,C0089,P0062,S019,1,4962.53,4153.43,Processing,809.10
O00350,2025-06-10,C0046,P0008,S020,10,48074.94,36284.70,Delivered,11790.24
O00351,2025-06-27,C0033,P0043,S003,13,176196.67,119392.52,Delivered,56804.15
O00352,2025-01-10,C0001,P0020,S015,5,43621.41,32456.40,Delivered,11165.01
O00353,2025-09-18,C0147,P0039,S002,5,9549.91,7649.80,Delivered,1900.11
O00354,2025-05-18,C0031,P0049,S021,8,72442.37,52148.72,Delivered,20293.65
O00355,2025-06-21,C0142,P0064,S002,7,43556.55,29716.47,Cancelled,13840.08
O00356,2025-01-13,C0053,P0062,S022,8,43416.65,33227.44,Delivered,10189.21
O00357,2025-06-17,C0048,P0054,S003,6,14813.31,9774.90,Processing,5038.41
O00358,2025-05-10,C0069,P0009,S006,6,27197.84,18893.16,Delivered,8304.68
O00359,2025-03-25,C0105,P0037,S015,2,21374.16,17574.94,Cancelled,3799.22
O00360,2025-11-17,C0090,P0049,S010,6,55817.26,39111.54,Delivered,16705.72
O00361,2025-11-15,C0063,P0041,S009,5,29195.95,19029.10,Delivered,10166.85
O00362,2025-04-11,C0073,P0017,S001,13,223716.29,153190.83,Returned,70525.46
O00363,2025-11-25,C0089,P0021,S016,3,37911.13,29854.92,Delivered,8056.21
O00364,2025-09-30,C0013,P0051,S006,6,101351.54,68019.54,Delivered,33332.00
O00365,2025-09-22,C0073,P0059,S009,8,6270.28,4509.28,Delivered,1761.00
O00366,2025-02-07,C0077,P0039,S004,9,18492.27,13769.64,Delivered,4722.63
O00367,2025-04-04,C0068,P0055,S002,1,14484.28,9865.61,Delivered,4618.67
O00368,2025-04-05,C0098,P0041,S004,3,18125.41,11417.46,Processing,6707.95
O00369,2025-11-01,C0125,P0039,S001,3,6057.68,4589.88,Delivered,1467.80
O00370,2025-03-10,C0102,P0013,S019,11,11864.93,7745.65,Delivered,4119.28
O00371,2025-11-14,C0132,P0064,S025,8,50050.94,33961.68,Delivered,16089.26
O00372,2025-08-24,C0102,P0011,S010,1,8886.28,7571.94,Delivered,1314.34
O00373,2025-11-30,C0019,P0019,S021,5,3641.35,2810.65,Processing,830.70
O00374,2025-05-17,C0082,P0011,S015,3,28526.47,22715.82,Cancelled,5810.65
O00375,2025-03-17,C0141,P0046,S022,2,32737.49,22789.66,Delivered,9947.83
O00376,2025-02-04,C0023,P0045,S019,15,143245.77,117484.65,Cancelled,25761.12
O00377,2025-01-01,C0083,P0001,S016,8,54755.21,38374.64,Delivered,16380.57
O00378,2025-10-23,C0109,P0040,S021,3,4157.58,3577.23,Delivered,580.35
O00379,2025-11-16,C0075,P0019,S024,7,5088.72,3934.91,Delivered,1153.81
O00380,2025-03-01,C0129,P0072,S022,12,137420.42,98281.80,Delivered,39138.62
O00381,2025-11-16,C0088,P0072,S004,11,124477.70,90091.65,Delivered,34386.05
O00382,2025-12-15,C0054,P0061,S002,1,6554.26,4686.22,Delivered,1868.04
O00383,2025-11-24,C0089,P0012,S025,6,7611.34,5665.20,Cancelled,1946.14
O00384,2025-09-24,C0143,P0061,S013,3,19827.84,14058.66,Delivered,5769.18
O00385,2025-12-27,C0065,P0033,S001,8,28488.35,23627.76,Processing,4860.59
O00386,2025-08-17,C0076,P0045,S017,6,55383.80,46993.86,Delivered,8389.94
O00387,2025-09-27,C0143,P0069,S013,12,23132.13,19434.12,Returned,3698.01
O00388,2025-11-12,C0149,P0008,S004,2,10031.26,7256.94,Processing,2774.32
O00389,2025-10-13,C0147,P0025,S007,6,12028.44,10478.40,Delivered,1550.04
O00390,2025-10-18,C0060,P0046,S017,7,125632.85,79763.81,Processing,45869.04
O00391,2025-08-01,C0093,P0030,S009,5,7053.80,5311.95,Delivered,1741.85
O00392,2025-06-14,C0049,P0047,S004,3,11629.61,9613.89,Processing,2015.72
O00393,2025-01-05,C0035,P0049,S019,4,35689.08,26074.36,Delivered,9614.72
O00394,2025-12-05,C0102,P0047,S001,4,14805.55,12818.52,Delivered,1987.03
O00395,2025-03-19,C0011,P0018,S010,6,74984.39,62032.86,Processing,12951.53
O00396,2025-03-03,C0099,P0066,S004,10,151880.08,116142.10,Delivered,35737.98
O00397,2025-05-12,C0110,P0068,S009,1,10149.43,6953.50,Delivered,3195.93
O00398,2025-03-30,C0074,P0033,S013,11,37453.88,32488.17,Cancelled,4965.71
O00399,2025-08-25,C0009,P0036,S014,4,42318.74,31678.48,Delivered,10640.26
O00400,2025-02-11,C0003,P0019,S010,10,6869.38,5621.30,Delivered,1248.08
O00401,2025-03-30,C0085,P0028,S006,13,97304.53,68365.70,Delivered,28938.83
O00402,2025-10-23,C0026,P0040,S016,4,5824.26,4769.64,Delivered,1054.62
O00403,2025-11-24,C0072,P0015,S006,10,74975.15,53178.40,Returned,21796.75
O00404,2025-10-22,C0048,P0041,S017,1,5942.79,3805.82,Delivered,2136.97
O00405,2025-04-14,C0117,P0039,S010,9,17979.39,13769.64,Delivered,4209.75
O00406,2025-01-14,C0012,P0002,S018,4,54436.37,44668.80,Processing,9767.57
O00407,2025-10-15,C0133,P0063,S022,7,58919.08,42019.95,Processing,16899.13
O00408,2025-06-28,C0048,P0029,S018,12,46154.68,37022.88,Delivered,9131.80
O00409,2025-05-05,C0037,P0074,S003,14,127570.26,90419.00,Delivered,37151.26
O00410,2025-12-19,C0044,P0066,S020,3,48804.55,34842.63,Returned,13961.92
O00411,2025-01-23,C0015,P0051,S021,10,169523.21,113365.90,Delivered,56157.31
O00412,2025-03-04,C0043,P0075,S025,12,73072.70,56837.52,Delivered,16235.18
O00413,2025-05-23,C0087,P0010,S015,3,3790.24,3212.91,Delivered,577.33
O00414,2025-06-02,C0070,P0014,S015,14,8383.74,6000.96,Delivered,2382.78
O00415,2025-05-25,C0046,P0051,S004,8,129194.66,90692.72,Delivered,38501.94
O00416,2025-08-13,C0108,P0073,S009,8,29617.30,23480.08,Delivered,6137.22
O00417,2025-11-05,C0123,P0039,S019,11,22327.81,16829.56,Cancelled,5498.25
O00418,2025-04-14,C0021,P0028,S024,12,89277.50,63106.80,Delivered,26170.70
O00419,2025-04-14,C0107,P0003,S017,1,3753.26,2586.13,Processing,1167.13
O00420,2025-02-08,C0080,P0070,S011,10,103564.46,70084.70,Delivered,33479.76
O00421,2025-07-17,C0047,P0027,S025,2,1545.21,1177.40,Processing,367.81
O00422,2025-05-14,C0117,P0002,S009,8,100707.28,89337.60,Processing,11369.68
O00423,2025-03-08,C0124,P0038,S010,1,8030.59,6835.84,Delivered,1194.75
O00424,2025-06-28,C0143,P0003,S018,15,57540.52,38791.95,Delivered,18748.57
O00425,2025-02-11,C0025,P0016,S020,12,60522.35,48060.24,Delivered,12462.11
O00426,2025-01-15,C0036,P0040,S013,8,11501.96,9539.28,Cancelled,1962.68
O00427,2025-04-21,C0051,P0002,S008,8,104829.80,89337.60,Cancelled,15492.20
O00428,2025-06-06,C0015,P0041,S007,2,11941.93,7611.64,Delivered,4330.29
O00429,2025-10-16,C0068,P0012,S017,4,5001.39,3776.80,Delivered,1224.59
O00430,2025-08-19,C0021,P0035,S021,6,63070.68,46172.52,Delivered,16898.16
O00431,2025-06-06,C0141,P0065,S023,12,8556.69,6795.84,Processing,1760.85
O00432,2025-02-07,C0019,P0055,S015,11,153989.38,108521.71,Delivered,45467.67
O00433,2025-04-07,C0034,P0045,S020,9,84635.91,70490.79,Delivered,14145.12
O00434,2025-10-16,C0078,P0062,S015,15,82004.32,62301.45,Delivered,19702.87
O00435,2025-09-11,C0125,P0049,S001,8,70608.50,52148.72,Delivered,18459.78
O00436,2025-07-15,C0117,P0025,S025,12,25793.42,20956.80,Processing,4836.62
O00437,2025-03-27,C0052,P0023,S014,15,187712.07,151801.05,Delivered,35911.02
O00438,2025-11-18,C0027,P0024,S005,8,56759.44,39960.88,Delivered,16798.56
O00439,2025-01-10,C0035,P0038,S011,7,55902.55,47850.88,Delivered,8051.67
O00440,2025-01-05,C0136,P0028,S016,14,105611.21,73624.60,Delivered,31986.61
O00441,2025-05-03,C0144,P0021,S002,13,160457.74,129371.32,Delivered,31086.42
O00442,2025-11-26,C0106,P0054,S008,9,21193.08,14662.35,Returned,6530.73
O00443,2025-12-19,C0146,P0018,S011,15,198344.27,155082.15,Processing,43262.12
O00444,2025-04-28,C0002,P0036,S018,2,21396.45,15839.24,Delivered,5557.21
O00445,2025-10-21,C0077,P0045,S003,3,27717.73,23496.93,Delivered,4220.80
O00446,2025-06-08,C0132,P0073,S001,10,39862.34,29350.10,Cancelled,10512.24
O00447,2025-10-30,C0090,P0053,S011,8,88673.35,65266.40,Delivered,23406.95
O00448,2025-08-16,C0089,P0030,S016,14,19149.14,14873.46,Delivered,4275.68
O00449,2025-12-31,C0094,P0060,S018,6,35327.00,24630.00,Cancelled,10697.00
O00450,2025-08-04,C0007,P0032,S016,10,141451.97,109910.40,Processing,31541.57
O00451,2025-07-03,C0095,P0067,S023,9,62531.62,46253.70,Returned,16277.92
O00452,2025-01-15,C0108,P0067,S010,10,68839.59,51393.00,Returned,17446.59
O00453,2025-06-06,C0074,P0028,S018,4,29139.49,21035.60,Cancelled,8103.89
O00454,2025-05-16,C0039,P0044,S006,8,46587.18,33768.16,Delivered,12819.02
O00455,2025-09-18,C0141,P0041,S019,10,57237.99,38058.20,Delivered,19179.79
O00456,2025-06-06,C0071,P0063,S004,3,25631.68,18008.55,Delivered,7623.13
O00457,2025-02-16,C0056,P0023,S013,3,35572.54,30360.21,Delivered,5212.33
O00458,2025-11-20,C0042,P0075,S024,8,49045.11,37891.68,Delivered,11153.43
O00459,2025-11-28,C0036,P0048,S014,5,74394.29,56039.45,Delivered,18354.84
O00460,2025-06-22,C0084,P0032,S003,3,44824.19,32973.12,Delivered,11851.07
O00461,2025-05-10,C0118,P0057,S010,10,31957.19,25595.40,Delivered,6361.79
O00462,2025-04-05,C0007,P0033,S006,11,37407.48,32488.17,Delivered,4919.31
O00463,2025-04-25,C0054,P0024,S001,1,7151.44,4995.11,Delivered,2156.33
O00464,2025-08-31,C0129,P0039,S023,15,28439.07,22949.40,Delivered,5489.67
O00465,2025-10-19,C0120,P0034,S024,3,10343.45,6828.33,Processing,3515.12
O00466,2025-10-09,C0106,P0056,S014,12,163903.45,118356.96,Delivered,45546.49
O00467,2025-10-26,C0047,P0028,S008,9,71338.41,47330.10,Delivered,24008.31
O00468,2025-10-10,C0123,P0037,S019,5,49111.19,43937.35,Processing,5173.84
O00469,2025-03-10,C0141,P0007,S014,12,143172.94,102432.48,Delivered,40740.46
O00470,2025-05-28,C0119,P0068,S010,10,97132.81,69535.00,Delivered,27597.81
O00471,2025-01-11,C0150,P0037,S017,15,151311.14,131812.05,Delivered,19499.09
O00472,2025-09-11,C0118,P0056,S009,2,27590.51,19726.16,Delivered,7864.35
O00473,2025-11-26,C0021,P0065,S006,7,5434.63,3964.24,Returned,1470.39
O00474,2025-12-26,C0137,P0065,S011,15,10901.07,8494.80,Delivered,2406.27
O00475,2025-02-07,C0026,P0047,S025,2,7107.04,6409.26,Delivered,697.78
O00476,2025-05-14,C0009,P0020,S007,4,32649.62,25965.12,Delivered,6684.50
O00477,2025-07-19,C0015,P0019,S017,12,8236.66,6745.56,Delivered,1491.10
O00478,2025-01-23,C0010,P0029,S001,7,25447.00,21596.68,Delivered,3850.32
O00479,2025-10-30,C0122,P0074,S022,4,35097.66,25834.00,Delivered,9263.66
O00480,2025-12-12,C0121,P0060,S005,7,38800.20,28735.00,Delivered,10065.20
O00481,2025-10-29,C0125,P0018,S009,7,86228.09,72371.67,Delivered,13856.42
O00482,2025-12-29,C0072,P0035,S018,1,10664.06,7695.42,Delivered,2968.64
O00483,2025-08-06,C0049,P0043,S024,6,80032.77,55104.24,Delivered,24928.53
O00484,2025-05-21,C0091,P0011,S021,9,80530.95,68147.46,Delivered,12383.49
O00485,2025-04-14,C0037,P0049,S002,2,18102.26,13037.18,Cancelled,5065.08
O00486,2025-07-29,C0068,P0038,S011,14,117780.19,95701.76,Delivered,22078.43
O00487,2025-04-21,C0050,P0064,S006,3,18981.65,12735.63,Delivered,6246.02
O00488,2025-04-14,C0019,P0069,S008,10,20232.91,16195.10,Delivered,4037.81
O00489,2025-11-12,C0100,P0008,S004,5,23005.52,18142.35,Delivered,4863.17
O00490,2025-06-20,C0060,P0034,S018,9,31490.95,20484.99,Processing,11005.96
O00491,2025-12-22,C0089,P0048,S011,4,59427.75,44831.56,Delivered,14596.19
O00492,2025-11-20,C0146,P0056,S005,1,14089.45,9863.08,Processing,4226.37
O00493,2025-05-13,C0147,P0065,S015,4,3075.78,2265.28,Delivered,810.50
O00494,2025-10-20,C0069,P0031,S018,6,59032.82,49758.90,Cancelled,9273.92
O00495,2025-11-24,C0049,P0004,S002,5,26777.41,21839.50,Delivered,4937.91
O00496,2025-05-07,C0108,P0050,S022,14,154986.67,104000.82,Cancelled,50985.85
O00497,2025-04-16,C0119,P0069,S011,13,25863.02,21053.63,Delivered,4809.39
O00498,2025-04-02,C0149,P0030,S025,1,1356.68,1062.39,Delivered,294.29
O00499,2025-10-14,C0150,P0059,S013,4,3049.96,2254.64,Delivered,795.32
O00500,2025-02-20,C0037,P0067,S004,6,43708.13,30835.80,Delivered,12872.33
O00501,2025-01-29,C0143,P0075,S022,13,77239.95,61573.98,Returned,15665.97
O00502,2025-10-23,C0011,P0045,S007,15,136486.59,117484.65,Delivered,19001.94
O00503,2025-10-24,C0138,P0004,S011,10,55185.68,43679.00,Delivered,11506.68
O00504,2025-08-02,C0078,P0026,S022,10,168593.57,116374.90,Delivered,52218.67
O00505,2025-09-24,C0077,P0027,S024,14,10325.96,8241.80,Delivered,2084.16
O00506,2025-09-14,C0002,P0046,S004,4,70855.69,45579.32,Delivered,25276.37
O00507,2025-10-29,C0064,P0064,S015,15,93954.74,63678.15,Delivered,30276.59
O00508,2025-04-11,C0035,P0051,S001,14,242872.72,158712.26,Delivered,84160.46
O00509,2025-12-12,C0007,P0050,S023,9,104913.61,66857.67,Returned,38055.94
O00510,2025-04-20,C0085,P0006,S003,5,62752.27,50995.85,Delivered,11756.42
O00511,2025-07-01,C0146,P0059,S014,8,6350.56,4509.28,Delivered,1841.28
O00512,2025-11-09,C0067,P0015,S006,9,64609.04,47860.56,Processing,16748.48
O00513,2025-01-01,C0042,P0030,S018,10,13841.60,10623.90,Delivered,3217.70
O00514,2025-11-15,C0118,P0042,S025,5,12779.59,10932.15,Delivered,1847.44
O00515,2025-02-24,C0125,P0037,S001,6,60946.11,52724.82,Delivered,8221.29
O00516,2025-05-29,C0024,P0042,S006,1,2621.34,2186.43,Delivered,434.91
O00517,2025-11-05,C0046,P0035,S006,11,112646.55,84649.62,Delivered,27996.93
O00518,2025-05-17,C0019,P0006,S021,12,144392.98,122390.04,Cancelled,22002.94
O00519,2025-07-21,C0068,P0068,S016,15,146951.85,104302.50,Delivered,42649.35
O00520,2025-11-09,C0102,P0018,S005,7,88958.99,72371.67,Delivered,16587.32
O00521,2025-04-27,C0042,P0073,S017,4,15362.57,11740.04,Cancelled,3622.53
O00522,2025-06-03,C0032,P0029,S010,11,42390.36,33937.64,Returned,8452.72
O00523,2025-10-18,C0109,P0059,S021,2,1600.81,1127.32,Delivered,473.49
O00524,2025-03-04,C0036,P0047,S018,5,19094.74,16023.15,Delivered,3071.59
O00525,2025-09-01,C0097,P0017,S007,12,218177.23,141406.92,Delivered,76770.31
O00526,2025-01-25,C0131,P0022,S003,3,47795.59,34759.50,Returned,13036.09
O00527,2025-03-31,C0073,P0068,S013,6,57293.75,41721.00,Cancelled,15572.75
O00528,2025-03-16,C0136,P0069,S015,8,16577.27,12956.08,Delivered,3621.19
O00529,2025-10-21,C0097,P0037,S020,7,69816.18,61512.29,Delivered,8303.89
O00530,2025-07-29,C0123,P0049,S019,3,26817.41,19555.77,Delivered,7261.64
O00531,2025-12-13,C0070,P0013,S003,8,8593.38,5633.20,Processing,2960.18
O00532,2025-01-17,C0013,P0034,S004,2,6811.84,4552.22,Delivered,2259.62
O00533,2025-05-08,C0049,P0053,S005,10,107547.48,81583.00,Delivered,25964.48
O00534,2025-12-30,C0060,P0051,S001,9,147191.27,102029.31,Returned,45161.96
O00535,2025-09-08,C0130,P0003,S004,4,13940.98,10344.52,Delivered,3596.46
O00536,2025-06-28,C0005,P0042,S012,1,2631.39,2186.43,Delivered,444.96
O00537,2025-07-01,C0027,P0032,S024,8,111129.13,87928.32,Delivered,23200.81
O00538,2025-06-01,C0149,P0051,S010,7,115335.29,79356.13,Delivered,35979.16
O00539,2025-01-25,C0008,P0046,S023,11,187020.99,125343.13,Delivered,61677.86
O00540,2025-06-29,C0050,P0021,S025,13,160493.47,129371.32,Delivered,31122.15
O00541,2025-07-17,C0067,P0044,S021,5,29354.46,21105.10,Processing,8249.36
O00542,2025-12-10,C0044,P0011,S020,10,88687.86,75719.40,Cancelled,12968.46
O00543,2025-06-10,C0125,P0068,S024,13,130569.18,90395.50,Delivered,40173.68
O00544,2025-06-26,C0058,P0001,S025,5,36324.82,23984.15,Delivered,12340.67
O00545,2025-10-12,C0003,P0063,S013,7,62557.85,42019.95,Delivered,20537.90
O00546,2025-03-04,C0086,P0024,S023,5,36140.00,24975.55,Processing,11164.45
O00547,2025-05-30,C0070,P0013,S014,8,8733.46,5633.20,Processing,3100.26
O00548,2025-06-03,C0130,P0011,S023,11,98000.81,83291.34,Delivered,14709.47
O00549,2025-06-05,C0002,P0051,S005,13,218087.41,147375.67,Delivered,70711.74
O00550,2025-02-18,C0102,P0017,S004,6,103711.16,70703.46,Delivered,33007.70
O00551,2025-12-03,C0035,P0024,S014,13,96432.94,64936.43,Delivered,31496.51
O00552,2025-03-25,C0098,P0019,S010,5,3448.63,2810.65,Delivered,637.98
O00553,2025-12-27,C0030,P0037,S017,9,89241.14,79087.23,Cancelled,10153.91
O00554,2025-06-26,C0116,P0008,S010,11,51700.29,39913.17,Cancelled,11787.12
O00555,2025-05-28,C0008,P0028,S007,2,14547.38,10517.80,Delivered,4029.58
O00556,2025-04-28,C0150,P0005,S016,1,4475.55,3613.96,Processing,861.59
O00557,2025-12-08,C0044,P0017,S001,8,146562.00,94271.28,Returned,52290.72
O00558,2025-03-04,C0036,P0036,S017,12,124948.70,95035.44,Delivered,29913.26
O00559,2025-07-08,C0077,P0019,S021,3,2172.22,1686.39,Delivered,485.83
O00560,2025-12-26,C0031,P0064,S009,14,92663.91,59432.94,Returned,33230.97
O00561,2025-02-18,C0047,P0011,S006,11,100897.12,83291.34,Delivered,17605.78
O00562,2025-11-23,C0055,P0054,S019,12,27808.90,19549.80,Returned,8259.10
O00563,2025-09-14,C0106,P0045,S013,12,106668.18,93987.72,Returned,12680.46
O00564,2025-08-12,C0121,P0047,S003,12,43629.08,38455.56,Delivered,5173.52
O00565,2025-05-21,C0055,P0012,S007,7,8767.53,6609.40,Processing,2158.13
O00566,2025-08-03,C0144,P0021,S022,10,123978.93,99516.40,Processing,24462.53
O00567,2025-07-30,C0012,P0011,S009,13,114889.68,98435.22,Processing,16454.46
O00568,2025-11-14,C0145,P0005,S022,11,50964.65,39753.56,Delivered,11211.09
O00569,2025-02-01,C0144,P0056,S005,8,115993.95,78904.64,Delivered,37089.31
O00570,2025-06-07,C0140,P0020,S010,15,128588.46,97369.20,Delivered,31219.26
O00571,2025-10-12,C0136,P0041,S023,13,78762.56,49475.66,Delivered,29286.90
O00572,2025-11-01,C0003,P0046,S017,13,229467.82,148132.79,Delivered,81335.03
O00573,2025-10-13,C0144,P0012,S012,6,7283.45,5665.20,Delivered,1618.25
O00574,2025-05-24,C0030,P0070,S023,12,129225.65,84101.64,Delivered,45124.01
O00575,2025-01-19,C0023,P0017,S016,10,168811.83,117839.10,Processing,50972.73
O00576,2025-01-18,C0092,P0019,S003,14,10162.75,7869.82,Returned,2292.93
O00577,2025-09-14,C0115,P0026,S025,9,152514.94,104737.41,Returned,47777.53
O00578,2025-03-19,C0104,P0048,S022,7,100920.72,78455.23,Delivered,22465.49
O00579,2025-06-24,C0118,P0052,S009,15,174111.34,115098.00,Cancelled,59013.34
O00580,2025-07-13,C0005,P0070,S015,10,109136.31,70084.70,Processing,39051.61
O00581,2025-04-23,C0104,P0055,S005,5,67471.16,49328.05,Delivered,18143.11
O00582,2025-04-24,C0108,P0075,S023,8,49588.74,37891.68,Delivered,11697.06
O00583,2025-08-10,C0065,P0033,S013,15,50413.85,44302.05,Delivered,6111.80
O00584,2025-06-15,C0121,P0062,S014,2,10523.28,8306.86,Returned,2216.42
O00585,2025-11-15,C0030,P0023,S020,7,86849.74,70840.49,Delivered,16009.25
O00586,2025-05-12,C0149,P0015,S015,15,113694.89,79767.60,Delivered,33927.29
O00587,2025-09-21,C0084,P0027,S016,4,3215.11,2354.80,Delivered,860.31
O00588,2025-02-24,C0150,P0075,S023,9,56106.10,42628.14,Delivered,13477.96
O00589,2025-12-25,C0032,P0064,S013,12,79884.24,50942.52,Delivered,28941.72
O00590,2025-05-11,C0016,P0051,S017,1,16585.49,11336.59,Delivered,5248.90
O00591,2025-10-15,C0038,P0053,S023,7,82015.88,57108.10,Delivered,24907.78
O00592,2025-09-23,C0142,P0051,S008,6,97719.00,68019.54,Processing,29699.46
O00593,2025-06-11,C0036,P0047,S021,8,30686.77,25637.04,Delivered,5049.73
O00594,2025-03-28,C0114,P0004,S002,5,26866.01,21839.50,Delivered,5026.51
O00595,2025-02-24,C0066,P0007,S005,15,167726.03,128040.60,Delivered,39685.43
O00596,2025-10-15,C0105,P0035,S006,1,10617.02,7695.42,Delivered,2921.60
O00597,2025-06-27,C0085,P0048,S012,1,14728.59,11207.89,Delivered,3520.70
O00598,2025-12-15,C0002,P0073,S018,9,33487.17,26415.09,Processing,7072.08
O00599,2025-01-08,C0075,P0072,S022,15,174194.52,122852.25,Processing,51342.27
O00600,2025-11-17,C0067,P0045,S022,10,87581.55,78323.10,Processing,9258.45
O00601,2025-11-09,C0055,P0072,S001,6,68761.76,49140.90,Cancelled,19620.86
O00602,2025-09-04,C0006,P0019,S017,10,6792.75,5621.30,Delivered,1171.45
O00603,2025-11-19,C0150,P0063,S011,5,42601.16,30014.25,Delivered,12586.91
O00604,2025-09-12,C0143,P0038,S010,15,119252.24,102537.60,Returned,16714.64
O00605,2025-11-24,C0086,P0067,S019,1,7208.21,5139.30,Delivered,2068.91
O00606,2025-02-23,C0060,P0059,S014,6,4600.67,3381.96,Delivered,1218.71
O00607,2025-09-06,C0101,P0069,S010,6,12685.18,9717.06,Delivered,2968.12
O00608,2025-08-27,C0012,P0013,S015,3,3296.50,2112.45,Delivered,1184.05
O00609,2025-08-17,C0049,P0047,S019,13,47150.08,41660.19,Delivered,5489.89
O00610,2025-03-08,C0042,P0061,S004,8,54845.16,37489.76,Returned,17355.40
O00611,2025-02-20,C0082,P0031,S002,14,140353.25,116104.10,Delivered,24249.15
O00612,2025-04-07,C0035,P0022,S009,15,242927.32,173797.50,Delivered,69129.82
O00613,2025-04-02,C0134,P0043,S010,1,13658.27,9184.04,Returned,4474.23
O00614,2025-09-21,C0067,P0067,S011,1,6782.99,5139.30,Returned,1643.69
O00615,2025-10-18,C0080,P0054,S014,6,14624.54,9774.90,Delivered,4849.64
O00616,2025-04-06,C0007,P0010,S007,10,12492.61,10709.70,Delivered,1782.91
O00617,2025-03-29,C0014,P0042,S023,13,33337.13,28423.59,Cancelled,4913.54
O00618,2025-03-19,C0073,P0064,S015,1,6347.68,4245.21,Processing,2102.47
O00619,2025-10-15,C0143,P0021,S022,6,77854.86,59709.84,Processing,18145.02
O00620,2025-04-30,C0149,P0066,S019,1,16632.70,11614.21,Cancelled,5018.49
O00621,2025-10-29,C0066,P0041,S022,14,79830.64,53281.48,Processing,26549.16
O00622,2025-06-14,C0091,P0024,S015,13,89022.53,64936.43,Delivered,24086.10
O00623,2025-07-01,C0130,P0035,S024,6,60727.79,46172.52,Processing,14555.27
O00624,2025-08-11,C0020,P0056,S008,3,43076.33,29589.24,Delivered,13487.09
O00625,2025-11-07,C0010,P0030,S011,14,19999.79,14873.46,Processing,5126.33
O00626,2025-01-07,C0025,P0057,S009,14,45749.50,35833.56,Delivered,9915.94
O00627,2025-11-26,C0025,P0047,S015,15,55028.32,48069.45,Delivered,6958.87
O00628,2025-09-20,C0054,P0035,S001,8,84171.71,61563.36,Delivered,22608.35
O00629,2025-06-10,C0033,P0019,S001,13,9111.83,7307.69,Delivered,1804.14
O00630,2025-05-31,C0095,P0008,S019,15,71566.61,54427.05,Delivered,17139.56
O00631,2025-03-26,C0014,P0026,S003,6,103195.47,69824.94,Delivered,33370.53
O00632,2025-05-27,C0065,P0071,S010,13,115161.10,88220.73,Delivered,26940.37
O00633,2025-04-22,C0110,P0030,S008,11,16109.18,11686.29,Processing,4422.89
O00634,2025-02-05,C0080,P0007,S015,13,158753.36,110968.52,Delivered,47784.84
O00635,2025-10-12,C0054,P0067,S010,1,7009.70,5139.30,Delivered,1870.40
O00636,2025-07-07,C0125,P0065,S001,15,11154.18,8494.80,Processing,2659.38
O00637,2025-03-23,C0131,P0036,S018,5,53516.87,39598.10,Delivered,13918.77
O00638,2025-01-02,C0134,P0025,S002,8,17518.37,13971.20,Delivered,3547.17
O00639,2025-10-30,C0025,P0037,S019,3,29716.56,26362.41,Returned,3354.15
O00640,2025-07-16,C0141,P0001,S013,12,83957.68,57561.96,Delivered,26395.72
O00641,2025-01-11,C0117,P0015,S022,6,43636.93,31907.04,Delivered,11729.89
O00642,2025-08-22,C0136,P0037,S001,5,51941.90,43937.35,Delivered,8004.55
O00643,2025-07-14,C0149,P0013,S002,6,6233.87,4224.90,Delivered,2008.97
O00644,2025-04-29,C0025,P0008,S016,10,46988.55,36284.70,Returned,10703.85
O00645,2025-01-20,C0079,P0005,S015,1,4423.99,3613.96,Delivered,810.03
O00646,2025-09-18,C0068,P0060,S013,7,39972.59,28735.00,Processing,11237.59
O00647,2025-10-20,C0012,P0073,S016,9,35614.33,26415.09,Processing,9199.24
O00648,2025-09-13,C0032,P0001,S017,2,13891.37,9593.66,Delivered,4297.71
O00649,2025-08-10,C0128,P0036,S021,10,106924.17,79196.20,Delivered,27727.97
O00650,2025-08-14,C0096,P0035,S007,15,158633.17,115431.30,Delivered,43201.87
O00651,2025-02-22,C0092,P0066,S024,5,82400.33,58071.05,Delivered,24329.28
O00652,2025-12-21,C0141,P0063,S017,10,82519.81,60028.50,Delivered,22491.31
O00653,2025-12-08,C0031,P0023,S007,4,52073.37,40480.28,Returned,11593.09
O00654,2025-12-30,C0078,P0009,S013,6,26566.23,18893.16,Returned,7673.07
O00655,2025-10-07,C0020,P0034,S005,6,21841.75,13656.66,Delivered,8185.09
O00656,2025-03-22,C0146,P0046,S017,11,196361.46,125343.13,Delivered,71018.33
O00657,2025-07-21,C0060,P0004,S003,2,10629.80,8735.80,Processing,1894.00
O00658,2025-06-07,C0134,P0030,S007,2,2682.91,2124.78,Delivered,558.13
O00659,2025-04-30,C0093,P0075,S017,4,23455.76,18945.84,Cancelled,4509.92
O00660,2025-02-28,C0043,P0072,S007,1,11875.30,8190.15,Delivered,3685.15
O00661,2025-08-03,C0130,P0003,S021,9,31930.66,23275.17,Delivered,8655.49
O00662,2025-05-08,C0060,P0014,S001,14,8014.96,6000.96,Cancelled,2014.00
O00663,2025-08-12,C0031,P0060,S017,14,80860.69,57470.00,Delivered,23390.69
O00664,2025-07-28,C0005,P0045,S017,13,113493.90,101820.03,Returned,11673.87
O00665,2025-04-25,C0010,P0034,S011,7,23361.06,15932.77,Returned,7428.29
O00666,2025-07-28,C0089,P0045,S025,12,108968.02,93987.72,Delivered,14980.30
O00667,2025-01-14,C0130,P0061,S003,7,44629.03,32803.54,Delivered,11825.49
O00668,2025-01-09,C0126,P0016,S015,15,72060.50,60075.30,Returned,11985.20
O00669,2025-02-09,C0011,P0066,S021,3,47582.14,34842.63,Returned,12739.51
O00670,2025-08-25,C0056,P0040,S011,15,21139.18,17886.15,Delivered,3253.03
O00671,2025-10-08,C0083,P0017,S016,11,199673.46,129623.01,Cancelled,70050.45
O00672,2025-12-25,C0137,P0034,S025,15,52183.00,34141.65,Delivered,18041.35
O00673,2025-07-20,C0099,P0016,S022,12,58063.29,48060.24,Delivered,10003.05
O00674,2025-09-03,C0149,P0060,S009,3,17237.05,12315.00,Cancelled,4922.05
O00675,2025-10-05,C0073,P0066,S024,1,16407.14,11614.21,Delivered,4792.93
O00676,2025-08-23,C0115,P0066,S024,3,49590.81,34842.63,Returned,14748.18
O00677,2025-01-04,C0007,P0013,S001,3,3290.78,2112.45,Delivered,1178.33
O00678,2025-06-03,C0080,P0056,S025,4,56617.01,39452.32,Delivered,17164.69
O00679,2025-01-29,C0144,P0031,S022,4,37509.27,33172.60,Delivered,4336.67
O00680,2025-04-19,C0097,P0034,S016,3,10173.15,6828.33,Delivered,3344.82
O00681,2025-04-08,C0004,P0039,S009,10,18793.14,15299.60,Processing,3493.54
O00682,2025-08-03,C0004,P0067,S019,12,88606.64,61671.60,Delivered,26935.04
O00683,2025-10-20,C0103,P0008,S012,8,38871.23,29027.76,Delivered,9843.47
O00684,2025-03-16,C0040,P0055,S019,8,113247.39,78924.88,Delivered,34322.51
O00685,2025-11-22,C0017,P0027,S022,13,9833.12,7653.10,Delivered,2180.02
O00686,2025-05-26,C0101,P0053,S009,13,151347.28,106057.90,Processing,45289.38
O00687,2025-05-08,C0103,P0039,S007,1,1921.35,1529.96,Delivered,391.39
O00688,2025-12-07,C0124,P0065,S014,7,4961.36,3964.24,Delivered,997.12
O00689,2025-02-11,C0052,P0017,S019,11,190184.65,129623.01,Delivered,60561.64
O00690,2025-12-22,C0052,P0030,S019,2,2827.39,2124.78,Delivered,702.61
O00691,2025-02-10,C0124,P0053,S002,1,11229.17,8158.30,Delivered,3070.87
O00692,2025-02-03,C0063,P0013,S009,3,3293.59,2112.45,Delivered,1181.14
O00693,2025-01-17,C0116,P0021,S013,4,48124.23,39806.56,Delivered,8317.67
O00694,2025-06-14,C0062,P0019,S015,13,9340.32,7307.69,Processing,2032.63
O00695,2025-06-02,C0007,P0053,S003,6,67606.41,48949.80,Cancelled,18656.61
O00696,2025-03-17,C0092,P0019,S011,10,6990.17,5621.30,Delivered,1368.87
O00697,2025-03-28,C0014,P0057,S021,14,46589.83,35833.56,Delivered,10756.27
O00698,2025-04-27,C0086,P0025,S014,5,10771.08,8732.00,Delivered,2039.08
O00699,2025-12-28,C0133,P0031,S025,15,149351.19,124397.25,Delivered,24953.94
O00700,2025-12-08,C0130,P0055,S008,15,215029.36,147984.15,Delivered,67045.21
O00701,2025-01-27,C0062,P0023,S018,14,177824.48,141680.98,Delivered,36143.50
O00702,2025-11-09,C0149,P0032,S019,4,56773.46,43964.16,Delivered,12809.30
O00703,2025-10-14,C0079,P0062,S016,8,42533.19,33227.44,Delivered,9305.75
O00704,2025-05-14,C0149,P0074,S002,11,93968.57,71043.50,Delivered,22925.07
O00705,2025-08-07,C0138,P0010,S008,12,14424.34,12851.64,Delivered,1572.70
O00706,2025-06-17,C0058,P0072,S022,14,158717.76,114662.10,Delivered,44055.66
O00707,2025-04-08,C0120,P0054,S006,4,9843.08,6516.60,Delivered,3326.48
O00708,2025-09-25,C0133,P0052,S012,13,149767.57,99751.60,Delivered,50015.97
O00709,2025-08-25,C0065,P0020,S015,10,80924.16,64912.80,Delivered,16011.36
O00710,2025-11-05,C0013,P0032,S025,12,179377.99,131892.48,Delivered,47485.51
O00711,2025-06-22,C0082,P0014,S008,13,8020.14,5572.32,Delivered,2447.82
O00712,2025-07-09,C0139,P0050,S004,2,21805.71,14857.26,Delivered,6948.45
O00713,2025-05-02,C0149,P0028,S015,15,111139.95,78883.50,Delivered,32256.45
O00714,2025-02-15,C0052,P0053,S020,3,34604.26,24474.90,Delivered,10129.36
O00715,2025-03-05,C0117,P0024,S025,6,41885.89,29970.66,Delivered,11915.23
O00716,2025-05-10,C0026,P0022,S017,8,125089.98,92692.00,Processing,32397.98
O00717,2025-11-06,C0034,P0030,S013,8,10759.72,8499.12,Delivered,2260.60
O00718,2025-12-29,C0052,P0063,S018,15,127890.78,90042.75,Delivered,37848.03
O00719,2025-07-12,C0112,P0004,S002,11,61576.51,48046.90,Cancelled,13529.61
O00720,2025-11-03,C0082,P0059,S013,15,12034.35,8454.90,Delivered,3579.45
O00721,2025-06-30,C0042,P0008,S013,9,44394.10,32656.23,Delivered,11737.87
O00722,2025-10-19,C0021,P0012,S022,7,8976.32,6609.40,Cancelled,2366.92
O00723,2025-10-09,C0042,P0031,S015,13,129947.77,107810.95,Processing,22136.82
O00724,2025-01-29,C0141,P0034,S020,2,7055.91,4552.22,Delivered,2503.69
O00725,2025-05-29,C0113,P0075,S010,8,45834.77,37891.68,Delivered,7943.09
O00726,2025-09-24,C0105,P0049,S003,7,65185.53,45630.13,Delivered,19555.40
O00727,2025-10-23,C0017,P0057,S019,8,24599.32,20476.32,Delivered,4123.00
O00728,2025-01-11,C0120,P0026,S003,12,206691.81,139649.88,Delivered,67041.93
O00729,2025-06-13,C0137,P0018,S022,3,38078.53,31016.43,Delivered,7062.10
O00730,2025-04-23,C0129,P0038,S014,7,58427.57,47850.88,Delivered,10576.69
O00731,2025-07-06,C0130,P0050,S008,10,110973.72,74286.30,Returned,36687.42
O00732,2025-10-22,C0060,P0008,S023,13,63922.32,47170.11,Returned,16752.21
O00733,2025-08-20,C0048,P0041,S004,9,54851.61,34252.38,Delivered,20599.23
O00734,2025-08-15,C0029,P0006,S020,3,36485.66,30597.51,Delivered,5888.15
O00735,2025-11-06,C0097,P0069,S011,14,29370.18,22673.14,Delivered,6697.04
O00736,2025-04-08,C0010,P0044,S011,10,55073.90,42210.20,Cancelled,12863.70
O00737,2025-02-24,C0058,P0064,S011,6,38969.61,25471.26,Delivered,13498.35
O00738,2025-04-21,C0021,P0029,S002,2,7821.92,6170.48,Delivered,1651.44
O00739,2025-06-01,C0028,P0028,S017,2,14960.63,10517.80,Delivered,4442.83
O00993,2025-06-30,C0084,P0054,S008,11,25612.10,17920.65,Processing,7691.45
O00740,2025-09-03,C0034,P0011,S009,5,48591.12,37859.70,Delivered,10731.42
O00741,2025-03-10,C0008,P0065,S002,5,3588.67,2831.60,Delivered,757.07
O00742,2025-11-08,C0079,P0019,S024,13,8842.78,7307.69,Processing,1535.09
O00743,2025-10-16,C0145,P0009,S015,7,31982.25,22042.02,Processing,9940.23
O00744,2025-09-07,C0087,P0027,S016,12,8852.00,7064.40,Delivered,1787.60
O00745,2025-02-05,C0088,P0034,S025,2,7278.10,4552.22,Delivered,2725.88
O00746,2025-08-27,C0069,P0044,S004,11,64825.87,46431.22,Delivered,18394.65
O00747,2025-05-28,C0087,P0068,S008,14,135343.69,97349.00,Cancelled,37994.69
O00748,2025-08-15,C0101,P0015,S009,13,98453.78,69131.92,Returned,29321.86
O00749,2025-09-01,C0008,P0051,S005,7,115043.85,79356.13,Returned,35687.72
O00750,2025-12-03,C0077,P0013,S016,5,5259.44,3520.75,Cancelled,1738.69
O00751,2025-12-31,C0087,P0049,S013,14,124218.96,91260.26,Delivered,32958.70
O00752,2025-07-20,C0043,P0070,S007,6,61205.88,42050.82,Delivered,19155.06
O00753,2025-06-03,C0129,P0056,S020,8,109780.59,78904.64,Delivered,30875.95
O00754,2025-03-14,C0109,P0051,S017,10,168653.98,113365.90,Returned,55288.08
O00755,2025-07-20,C0017,P0037,S003,13,139930.14,114237.11,Delivered,25693.03
O00756,2025-10-23,C0133,P0017,S005,14,252627.27,164974.74,Delivered,87652.53
O00757,2025-01-17,C0148,P0058,S019,12,42408.55,31843.32,Processing,10565.23
O00758,2025-05-09,C0021,P0029,S012,4,15157.98,12340.96,Delivered,2817.02
O00759,2025-08-05,C0058,P0033,S007,13,47146.33,38395.11,Delivered,8751.22
O00760,2025-03-02,C0110,P0060,S009,7,39930.09,28735.00,Delivered,11195.09
O00761,2025-04-14,C0139,P0055,S006,6,84624.99,59193.66,Delivered,25431.33
O00762,2025-02-11,C0143,P0010,S017,10,12947.65,10709.70,Delivered,2237.95
O00763,2025-01-25,C0135,P0047,S016,2,7272.52,6409.26,Processing,863.26
O00764,2025-02-08,C0028,P0023,S023,15,189617.34,151801.05,Delivered,37816.29
O00765,2025-10-18,C0051,P0021,S003,8,103652.52,79613.12,Returned,24039.40
O00766,2025-05-11,C0005,P0013,S021,10,11035.55,7041.50,Delivered,3994.05
O00767,2025-08-17,C0005,P0033,S004,9,32254.45,26581.23,Delivered,5673.22
O00768,2025-04-18,C0094,P0024,S010,5,34937.41,24975.55,Processing,9961.86
O00769,2025-06-21,C0096,P0011,S005,10,91346.49,75719.40,Delivered,15627.09
O00770,2025-04-12,C0008,P0017,S021,4,66667.62,47135.64,Delivered,19531.98
O00771,2025-12-20,C0064,P0068,S022,6,61759.43,41721.00,Processing,20038.43
O00772,2025-01-12,C0138,P0047,S010,8,28284.22,25637.04,Delivered,2647.18
O00773,2025-10-02,C0038,P0025,S012,11,23954.77,19210.40,Delivered,4744.37
O00774,2025-04-11,C0111,P0073,S010,15,55096.46,44025.15,Delivered,11071.31
O00775,2025-02-13,C0112,P0021,S013,3,36342.95,29854.92,Delivered,6488.03
O00776,2025-11-01,C0081,P0012,S011,10,12327.89,9442.00,Delivered,2885.89
O00777,2025-01-17,C0136,P0037,S022,11,115694.61,96662.17,Delivered,19032.44
O00778,2025-11-26,C0104,P0042,S016,11,26818.98,24050.73,Processing,2768.25
O00779,2025-02-26,C0073,P0017,S008,1,17400.95,11783.91,Returned,5617.04
O00780,2025-11-07,C0049,P0048,S008,4,60437.42,44831.56,Delivered,15605.86
O00781,2025-10-30,C0036,P0028,S025,15,110907.55,78883.50,Delivered,32024.05
O00782,2025-01-12,C0126,P0041,S008,4,22568.98,15223.28,Delivered,7345.70
O00783,2025-11-14,C0068,P0047,S013,1,3829.58,3204.63,Delivered,624.95
O00784,2025-03-21,C0078,P0018,S002,9,116349.63,93049.29,Delivered,23300.34
O00785,2025-08-04,C0105,P0071,S012,3,24124.12,20358.63,Processing,3765.49
O00786,2025-12-05,C0122,P0013,S010,5,5458.00,3520.75,Processing,1937.25
O00787,2025-09-21,C0119,P0013,S012,6,6662.64,4224.90,Delivered,2437.74
O00788,2025-05-29,C0114,P0031,S011,8,78665.90,66345.20,Delivered,12320.70
O00789,2025-03-22,C0010,P0002,S015,6,78970.19,67003.20,Delivered,11966.99
O00790,2025-08-03,C0149,P0016,S016,3,15113.52,12015.06,Delivered,3098.46
O00791,2025-07-17,C0140,P0009,S017,6,27540.83,18893.16,Delivered,8647.67
O00792,2025-07-19,C0091,P0073,S002,1,3915.92,2935.01,Returned,980.91
O00793,2025-01-25,C0002,P0038,S018,4,32999.05,27343.36,Delivered,5655.69
O00794,2025-03-30,C0118,P0075,S012,6,36397.52,28418.76,Processing,7978.76
O00795,2025-09-25,C0013,P0054,S019,7,17152.92,11404.05,Delivered,5748.87
O00796,2025-05-23,C0095,P0056,S023,11,148361.94,108493.88,Delivered,39868.06
O00797,2025-02-28,C0144,P0045,S018,13,118421.79,101820.03,Delivered,16601.76
O00798,2025-12-31,C0032,P0034,S017,11,39411.20,25037.21,Delivered,14373.99
O00799,2025-01-26,C0032,P0009,S006,10,44593.66,31488.60,Delivered,13105.06
O00800,2025-02-16,C0124,P0008,S025,3,14218.64,10885.41,Delivered,3333.23
O00801,2025-10-15,C0011,P0007,S015,9,107056.80,76824.36,Cancelled,30232.44
O00802,2025-09-23,C0010,P0036,S003,12,121047.75,95035.44,Delivered,26012.31
O00803,2025-01-16,C0015,P0018,S006,12,153566.88,124065.72,Delivered,29501.16
O00804,2025-07-18,C0017,P0003,S003,7,26430.94,18102.91,Cancelled,8328.03
O00805,2025-10-09,C0146,P0028,S001,14,103601.36,73624.60,Processing,29976.76
O00806,2025-03-27,C0059,P0070,S013,1,10161.15,7008.47,Processing,3152.68
O00807,2025-09-07,C0078,P0044,S021,2,11785.87,8442.04,Delivered,3343.83
O00808,2025-09-27,C0124,P0021,S014,1,12161.94,9951.64,Returned,2210.30
O00809,2025-12-01,C0114,P0028,S013,11,81739.46,57847.90,Delivered,23891.56
O00810,2025-04-27,C0022,P0054,S004,9,22634.63,14662.35,Delivered,7972.28
O00811,2025-01-07,C0032,P0054,S007,9,22126.77,14662.35,Delivered,7464.42
O00812,2025-05-17,C0113,P0065,S022,7,5325.80,3964.24,Delivered,1361.56
O00813,2025-06-25,C0120,P0021,S010,10,129673.51,99516.40,Delivered,30157.11
O00814,2025-11-24,C0149,P0013,S007,3,3056.39,2112.45,Delivered,943.94
O00815,2025-11-11,C0122,P0057,S021,13,42774.67,33274.02,Delivered,9500.65
O00816,2025-08-03,C0032,P0049,S015,15,139247.89,97778.85,Delivered,41469.04
O00817,2025-03-23,C0119,P0054,S015,5,12406.08,8145.75,Delivered,4260.33
O00818,2025-08-11,C0039,P0010,S004,15,18522.67,16064.55,Cancelled,2458.12
O00819,2025-04-13,C0012,P0053,S023,4,45553.76,32633.20,Returned,12920.56
O00820,2025-09-30,C0018,P0044,S023,7,39383.26,29547.14,Delivered,9836.12
O00821,2025-01-14,C0149,P0047,S006,14,51755.87,44864.82,Processing,6891.05
O00822,2025-06-08,C0141,P0053,S024,9,103992.12,73424.70,Delivered,30567.42
O00823,2025-06-01,C0149,P0074,S020,12,105864.87,77502.00,Delivered,28362.87
O00824,2025-04-18,C0126,P0046,S005,2,34747.93,22789.66,Delivered,11958.27
O00825,2025-07-07,C0136,P0013,S020,13,13705.02,9153.95,Processing,4551.07
O00826,2025-10-28,C0046,P0037,S012,8,82442.16,70299.76,Returned,12142.40
O00827,2025-04-08,C0104,P0024,S001,15,109762.83,74926.65,Delivered,34836.18
O00828,2025-05-11,C0135,P0002,S008,9,122270.89,100504.80,Delivered,21766.09
O00829,2025-10-20,C0086,P0014,S001,10,6038.30,4286.40,Delivered,1751.90
O00830,2025-06-20,C0150,P0010,S005,14,18006.29,14993.58,Delivered,3012.71
O00831,2025-07-02,C0089,P0035,S022,10,107746.35,76954.20,Processing,30792.15
O00832,2025-12-30,C0022,P0025,S006,9,19026.79,15717.60,Processing,3309.19
O00833,2025-02-08,C0092,P0003,S021,14,52236.76,36205.82,Delivered,16030.94
O00834,2025-01-15,C0029,P0017,S003,10,182521.49,117839.10,Cancelled,64682.39
O00835,2025-01-04,C0013,P0012,S015,14,17505.82,13218.80,Delivered,4287.02
O00836,2025-12-15,C0002,P0054,S005,7,17361.21,11404.05,Returned,5957.16
O00837,2025-07-29,C0029,P0024,S024,15,109153.19,74926.65,Delivered,34226.54
O00838,2025-06-10,C0027,P0029,S014,9,34156.07,27767.16,Delivered,6388.91
O00839,2025-01-16,C0050,P0043,S018,9,118590.68,82656.36,Delivered,35934.32
O00840,2025-04-18,C0095,P0025,S016,14,29197.58,24449.60,Delivered,4747.98
O00841,2025-11-07,C0088,P0060,S006,3,18205.86,12315.00,Delivered,5890.86
O00842,2025-08-15,C0044,P0065,S025,4,3030.83,2265.28,Delivered,765.55
O00843,2025-06-19,C0022,P0028,S024,2,15323.79,10517.80,Delivered,4805.99
O00844,2025-02-03,C0097,P0016,S014,10,50643.14,40050.20,Processing,10592.94
O00845,2025-09-08,C0003,P0047,S024,3,11210.98,9613.89,Delivered,1597.09
O00846,2025-09-04,C0118,P0058,S008,11,38072.03,29189.71,Delivered,8882.32
O00847,2025-09-26,C0019,P0027,S007,11,8700.02,6475.70,Delivered,2224.32
O00848,2025-05-21,C0023,P0053,S008,5,57462.23,40791.50,Processing,16670.73
O00849,2025-10-01,C0030,P0042,S013,5,12258.94,10932.15,Delivered,1326.79
O00850,2025-04-06,C0039,P0059,S006,6,4712.04,3381.96,Returned,1330.08
O00851,2025-08-15,C0108,P0047,S018,13,48031.84,41660.19,Processing,6371.65
O00852,2025-02-08,C0111,P0034,S002,7,23983.42,15932.77,Delivered,8050.65
O00853,2025-10-29,C0025,P0037,S008,7,72037.53,61512.29,Delivered,10525.24
O00854,2025-01-29,C0128,P0006,S011,1,12179.66,10199.17,Delivered,1980.49
O00855,2025-11-14,C0111,P0007,S001,14,158929.60,119504.56,Delivered,39425.04
O00856,2025-09-02,C0136,P0025,S022,2,4165.35,3492.80,Cancelled,672.55
O00857,2025-08-24,C0106,P0033,S006,12,40288.45,35441.64,Returned,4846.81
O00858,2025-07-04,C0144,P0055,S016,9,125282.36,88790.49,Delivered,36491.87
O00859,2025-09-29,C0072,P0058,S020,10,35741.75,26536.10,Delivered,9205.65
O00860,2025-08-24,C0129,P0007,S012,2,23935.35,17072.08,Processing,6863.27
O00861,2025-08-27,C0108,P0057,S011,6,19073.71,15357.24,Delivered,3716.47
O00862,2025-09-23,C0005,P0012,S010,11,13031.31,10386.20,Delivered,2645.11
O00863,2025-12-25,C0003,P0016,S003,11,51805.26,44055.22,Delivered,7750.04
O00864,2025-12-06,C0132,P0043,S013,1,13587.46,9184.04,Delivered,4403.42
O00865,2025-03-06,C0104,P0007,S003,3,34083.42,25608.12,Cancelled,8475.30
O00866,2025-06-26,C0064,P0051,S015,2,34088.26,22673.18,Delivered,11415.08
O00867,2025-01-03,C0106,P0073,S016,3,11148.68,8805.03,Delivered,2343.65
O00868,2025-05-22,C0098,P0032,S013,5,75466.73,54955.20,Returned,20511.53
O00869,2025-06-07,C0010,P0075,S017,11,65439.79,52101.06,Delivered,13338.73
O00870,2025-11-20,C0149,P0008,S003,10,46603.32,36284.70,Cancelled,10318.62
O00871,2025-05-26,C0128,P0072,S020,6,73275.22,49140.90,Delivered,24134.32
O00872,2025-10-20,C0046,P0045,S011,9,81124.17,70490.79,Delivered,10633.38
O00873,2025-06-02,C0066,P0059,S021,12,9084.01,6763.92,Returned,2320.09
O00874,2025-07-12,C0112,P0004,S019,11,60562.08,48046.90,Delivered,12515.18
O00875,2025-03-14,C0013,P0067,S022,15,107049.73,77089.50,Delivered,29960.23
O00876,2025-11-01,C0137,P0029,S011,15,57848.53,46278.60,Delivered,11569.93
O00877,2025-12-10,C0086,P0029,S016,10,36774.30,30852.40,Delivered,5921.90
O00878,2025-05-20,C0090,P0028,S021,12,90840.77,63106.80,Delivered,27733.97
O00879,2025-07-06,C0058,P0044,S003,12,66192.16,50652.24,Cancelled,15539.92
O00880,2025-10-20,C0054,P0004,S022,13,68094.66,56782.70,Returned,11311.96
O00881,2025-03-02,C0012,P0009,S006,4,18227.23,12595.44,Returned,5631.79
O00882,2025-07-17,C0014,P0005,S014,7,33096.85,25297.72,Delivered,7799.13
O00883,2025-10-22,C0121,P0056,S024,6,81819.48,59178.48,Delivered,22641.00
O00884,2025-11-15,C0121,P0050,S018,2,22920.83,14857.26,Delivered,8063.57
O00885,2025-10-29,C0020,P0075,S017,10,58312.55,47364.60,Cancelled,10947.95
O00886,2025-12-10,C0075,P0015,S004,11,86233.88,58496.24,Delivered,27737.64
O00887,2025-01-11,C0144,P0032,S023,11,154251.04,120901.44,Delivered,33349.60
O00888,2025-03-03,C0070,P0028,S015,11,79586.62,57847.90,Processing,21738.72
O00889,2025-11-29,C0056,P0022,S011,15,231702.32,173797.50,Delivered,57904.82
O00890,2025-08-14,C0101,P0017,S003,15,264770.74,176758.65,Delivered,88012.09
O00891,2025-06-02,C0132,P0059,S003,8,6350.55,4509.28,Returned,1841.27
O00892,2025-07-18,C0111,P0071,S016,7,56527.04,47503.47,Returned,9023.57
O00893,2025-02-21,C0125,P0057,S005,15,47460.13,38393.10,Delivered,9067.03
O00894,2025-09-17,C0132,P0026,S021,15,250623.17,174562.35,Delivered,76060.82
O00895,2025-02-28,C0020,P0025,S010,7,14290.79,12224.80,Returned,2065.99
O00896,2025-03-13,C0138,P0010,S019,14,17917.43,14993.58,Delivered,2923.85
O00897,2025-05-28,C0024,P0045,S025,15,131694.09,117484.65,Delivered,14209.44
O00003,2025-05-14,C0031,P0054,S003,7,16822.82,11404.05,Processing,5418.77
O00004,2025-02-27,C0023,P0070,S017,13,131158.35,91110.11,Processing,40048.24
O00005,2025-02-13,C0138,P0044,S007,11,59973.35,46431.22,Cancelled,13542.13
O00006,2025-06-22,C0107,P0073,S014,15,56431.93,44025.15,Delivered,12406.78
O00007,2025-06-09,C0039,P0045,S017,8,75178.84,62658.48,Delivered,12520.36
O00008,2025-06-22,C0082,P0056,S018,11,153149.19,108493.88,Delivered,44655.31
O00009,2025-11-13,C0100,P0057,S013,5,16342.10,12797.70,Processing,3544.40
O00010,2025-10-30,C0002,P0021,S020,7,91930.97,69661.48,Delivered,22269.49
O00011,2025-05-29,C0077,P0068,S020,8,82403.04,55628.00,Delivered,26775.04
O00012,2025-03-21,C0012,P0050,S021,15,169097.49,111429.45,Delivered,57668.04
O00014,2025-07-22,C0013,P0007,S004,3,35529.03,25608.12,Delivered,9920.91
O00015,2025-09-09,C0046,P0070,S001,3,31992.23,21025.41,Delivered,10966.82
O00016,2025-08-17,C0113,P0015,S018,4,30182.19,21271.36,Delivered,8910.83
O00017,2025-06-13,C0017,P0032,S001,5,73978.66,54955.20,Delivered,19023.46
O00018,2025-08-15,C0104,P0075,S013,10,57244.24,47364.60,Processing,9879.64
O00019,2025-05-27,C0098,P0020,S020,1,8254.62,6491.28,Processing,1763.34
O00020,2025-01-20,C0088,P0015,S020,15,110673.28,79767.60,Delivered,30905.68
O00021,2025-02-16,C0109,P0048,S023,15,218610.81,168118.35,Processing,50492.46
O00022,2025-08-21,C0070,P0071,S010,7,56793.48,47503.47,Delivered,9290.01
O00023,2025-11-01,C0074,P0021,S011,9,113890.96,89564.76,Delivered,24326.20
O00024,2025-01-14,C0063,P0042,S009,8,20282.96,17491.44,Cancelled,2791.52
O00025,2025-05-23,C0060,P0026,S009,15,244467.00,174562.35,Processing,69904.65
O00027,2025-02-23,C0037,P0057,S001,5,16107.28,12797.70,Delivered,3309.58
O00028,2025-09-16,C0022,P0037,S017,14,139439.77,123024.58,Delivered,16415.19
O00029,2025-05-24,C0148,P0058,S022,14,49064.31,37150.54,Cancelled,11913.77
O00030,2025-01-12,C0096,P0021,S002,4,51508.64,39806.56,Delivered,11702.08
O00031,2025-11-26,C0068,P0069,S024,12,25000.85,19434.12,Delivered,5566.73
O00032,2025-08-12,C0017,P0003,S013,7,25941.36,18102.91,Processing,7838.45
O00033,2025-09-29,C0012,P0037,S009,5,51426.33,43937.35,Cancelled,7488.98
O00034,2025-12-24,C0150,P0049,S004,7,62106.76,45630.13,Cancelled,16476.63
O00035,2025-06-05,C0145,P0019,S005,12,8393.73,6745.56,Delivered,1648.17
O00036,2025-01-08,C0138,P0012,S011,1,1185.43,944.20,Cancelled,241.23
O00898,2025-12-15,C0037,P0011,S004,8,74275.30,60575.52,Delivered,13699.78
O00899,2025-03-04,C0054,P0053,S019,12,137622.40,97899.60,Delivered,39722.80
O00900,2025-11-06,C0103,P0072,S011,12,138726.12,98281.80,Delivered,40444.32
O00901,2025-08-31,C0149,P0068,S002,13,132030.11,90395.50,Delivered,41634.61
O00902,2025-11-26,C0038,P0028,S010,14,110090.77,73624.60,Delivered,36466.17
O00903,2025-04-17,C0004,P0075,S011,11,64071.56,52101.06,Delivered,11970.50
O00904,2025-08-14,C0057,P0065,S025,1,777.06,566.32,Returned,210.74
O00905,2025-11-09,C0020,P0049,S020,15,139942.07,97778.85,Processing,42163.22
O00906,2025-08-06,C0017,P0047,S016,13,47197.24,41660.19,Cancelled,5537.05
O00907,2025-08-29,C0119,P0052,S019,1,11204.51,7673.20,Delivered,3531.31
O00908,2025-09-16,C0071,P0054,S023,8,18856.29,13033.20,Delivered,5823.09
O00909,2025-09-19,C0004,P0060,S024,4,23711.83,16420.00,Delivered,7291.83
O00910,2025-01-05,C0014,P0057,S011,5,16597.43,12797.70,Returned,3799.73
O00911,2025-09-18,C0003,P0047,S014,8,30626.33,25637.04,Delivered,4989.29
O00912,2025-02-23,C0080,P0031,S002,5,51014.15,41465.75,Delivered,9548.40
O00913,2025-02-16,C0055,P0046,S023,10,176449.01,113948.30,Processing,62500.71
O00914,2025-08-03,C0132,P0026,S005,4,67515.83,46549.96,Delivered,20965.87
O00915,2025-06-26,C0120,P0005,S005,12,54576.15,43367.52,Delivered,11208.63
O00916,2025-01-09,C0024,P0052,S019,6,67997.01,46039.20,Returned,21957.81
O00917,2025-04-09,C0082,P0075,S021,13,74554.54,61573.98,Cancelled,12980.56
O00918,2025-01-20,C0147,P0054,S012,15,36914.41,24437.25,Delivered,12477.16
O00919,2025-08-29,C0060,P0033,S018,12,41861.21,35441.64,Returned,6419.57
O00920,2025-03-02,C0147,P0050,S004,5,54014.95,37143.15,Delivered,16871.80
O00921,2025-06-27,C0049,P0038,S022,14,111049.53,95701.76,Processing,15347.77
O00922,2025-12-04,C0063,P0027,S017,7,5335.71,4120.90,Delivered,1214.81
O00923,2025-03-03,C0110,P0015,S010,14,106511.32,74449.76,Delivered,32061.56
O00924,2025-05-25,C0150,P0061,S020,10,66429.65,46862.20,Delivered,19567.45
O00925,2025-08-04,C0109,P0021,S006,7,88722.25,69661.48,Cancelled,19060.77
O00926,2025-01-03,C0076,P0046,S025,13,222452.02,148132.79,Delivered,74319.23
O00927,2025-06-09,C0030,P0069,S014,4,8228.54,6478.04,Delivered,1750.50
O00928,2025-08-15,C0058,P0006,S011,12,143295.92,122390.04,Delivered,20905.88
O00929,2025-09-26,C0117,P0038,S011,13,103660.22,88865.92,Cancelled,14794.30
O00930,2025-04-30,C0100,P0062,S018,5,26298.99,20767.15,Delivered,5531.84
O00931,2025-03-30,C0019,P0062,S023,13,67620.59,53994.59,Delivered,13626.00
O00932,2025-11-25,C0094,P0074,S022,3,24893.96,19375.50,Delivered,5518.46
O00933,2025-03-09,C0113,P0046,S018,15,254108.41,170922.45,Delivered,83185.96
O00934,2025-12-23,C0146,P0013,S024,4,4071.08,2816.60,Delivered,1254.48
O00935,2025-04-08,C0063,P0003,S023,15,55197.34,38791.95,Processing,16405.39
O00936,2025-09-24,C0116,P0006,S011,14,170217.15,142788.38,Delivered,27428.77
O00937,2025-04-15,C0113,P0008,S021,4,19344.48,14513.88,Delivered,4830.60
O00938,2025-11-19,C0047,P0044,S012,3,17433.15,12663.06,Processing,4770.09
O00939,2025-05-03,C0057,P0033,S005,13,44682.64,38395.11,Delivered,6287.53
O00940,2025-01-29,C0118,P0075,S023,10,62885.81,47364.60,Delivered,15521.21
O00941,2025-05-17,C0045,P0050,S009,5,56940.43,37143.15,Returned,19797.28
O00942,2025-07-14,C0145,P0011,S025,5,47030.52,37859.70,Delivered,9170.82
O00943,2025-08-14,C0004,P0028,S009,11,85254.55,57847.90,Returned,27406.65
O00944,2025-11-28,C0148,P0070,S022,7,74658.58,49059.29,Delivered,25599.29
O00945,2025-06-19,C0047,P0041,S010,4,23497.07,15223.28,Delivered,8273.79
O00946,2025-01-09,C0143,P0016,S022,13,62654.42,52065.26,Delivered,10589.16
O00947,2025-02-09,C0047,P0068,S019,4,38335.62,27814.00,Returned,10521.62
O00948,2025-01-25,C0078,P0048,S001,9,129707.75,100871.01,Delivered,28836.74
O00949,2025-09-18,C0124,P0056,S007,6,82291.11,59178.48,Delivered,23112.63
O00950,2025-08-14,C0075,P0064,S004,15,95472.56,63678.15,Returned,31794.41
O00951,2025-05-04,C0103,P0059,S001,4,3115.02,2254.64,Delivered,860.38
O00952,2025-02-07,C0137,P0062,S015,2,10042.33,8306.86,Delivered,1735.47
O00953,2025-11-24,C0090,P0011,S008,6,57105.27,45431.64,Delivered,11673.63
O00954,2025-09-08,C0144,P0018,S012,2,26771.82,20677.62,Processing,6094.20
O00955,2025-06-25,C0069,P0019,S022,5,3729.96,2810.65,Delivered,919.31
O00956,2025-03-31,C0061,P0055,S022,6,82830.05,59193.66,Delivered,23636.39
O00957,2025-02-06,C0138,P0026,S018,4,68180.75,46549.96,Delivered,21630.79
O00958,2025-11-12,C0050,P0006,S015,14,178125.71,142788.38,Delivered,35337.33
O00959,2025-06-25,C0003,P0004,S017,13,70492.22,56782.70,Returned,13709.52
O00960,2025-10-11,C0107,P0029,S014,3,11110.66,9255.72,Returned,1854.94
O00961,2025-03-22,C0113,P0059,S014,7,5753.97,3945.62,Processing,1808.35
O00962,2025-04-24,C0094,P0017,S018,2,35066.61,23567.82,Processing,11498.79
O00963,2025-02-09,C0118,P0043,S020,13,175788.80,119392.52,Delivered,56396.28
O00964,2025-10-28,C0081,P0066,S018,11,169297.32,127756.31,Delivered,41541.01
O00965,2025-08-12,C0109,P0034,S016,14,46655.43,31865.54,Processing,14789.89
O00966,2025-11-14,C0051,P0008,S001,6,29673.64,21770.82,Delivered,7902.82
O00967,2025-12-15,C0147,P0013,S023,13,13930.70,9153.95,Delivered,4776.75
O00968,2025-04-25,C0035,P0008,S011,4,18794.88,14513.88,Processing,4281.00
O00969,2025-07-05,C0046,P0065,S015,6,4337.67,3397.92,Delivered,939.75
O00970,2025-11-19,C0069,P0043,S012,4,54403.98,36736.16,Cancelled,17667.82
O00971,2025-02-25,C0093,P0039,S008,4,7940.80,6119.84,Delivered,1820.96
O00972,2025-02-09,C0064,P0059,S022,15,11467.84,8454.90,Delivered,3012.94
O00973,2025-12-20,C0049,P0044,S020,4,23347.51,16884.08,Delivered,6463.43
O00974,2025-02-09,C0149,P0009,S006,9,37879.68,28339.74,Delivered,9539.94
O00975,2025-12-13,C0074,P0037,S003,7,70878.29,61512.29,Processing,9366.00
O00976,2025-08-25,C0005,P0074,S024,3,26601.62,19375.50,Delivered,7226.12
O00977,2025-10-16,C0100,P0036,S013,3,30752.44,23758.86,Delivered,6993.58
O00978,2025-09-19,C0070,P0028,S013,6,47173.95,31553.40,Delivered,15620.55
O00979,2025-08-04,C0090,P0042,S002,6,15540.43,13118.58,Delivered,2421.85
O00980,2025-05-27,C0004,P0043,S005,4,55667.44,36736.16,Delivered,18931.28
O00981,2025-12-02,C0126,P0042,S017,15,36495.85,32796.45,Returned,3699.40
O00982,2025-06-17,C0039,P0066,S006,15,229956.69,174213.15,Delivered,55743.54
O00983,2025-04-02,C0129,P0055,S002,9,121685.05,88790.49,Processing,32894.56
O00984,2025-12-19,C0024,P0072,S004,4,47456.27,32760.60,Cancelled,14695.67
O00985,2025-02-28,C0057,P0048,S022,9,139596.21,100871.01,Delivered,38725.20
O00986,2025-02-28,C0100,P0022,S011,4,63853.80,46346.00,Delivered,17507.80
O00987,2025-10-31,C0070,P0027,S008,2,1573.35,1177.40,Processing,395.95
O00988,2025-06-18,C0041,P0067,S012,2,14764.62,10278.60,Delivered,4486.02
O00989,2025-09-26,C0060,P0013,S008,5,5423.97,3520.75,Delivered,1903.22
O00990,2025-12-29,C0108,P0045,S011,4,35921.22,31329.24,Delivered,4591.98
O00991,2025-02-14,C0057,P0010,S022,7,8433.98,7496.79,Returned,937.19
O00992,2025-12-11,C0031,P0009,S020,14,62686.07,44084.04,Returned,18602.03
O00994,2025-06-19,C0036,P0027,S008,5,3697.61,2943.50,Delivered,754.11
O00995,2025-12-22,C0108,P0034,S017,6,20877.70,13656.66,Delivered,7221.04
O00996,2025-07-10,C0106,P0001,S020,10,73656.99,47968.30,Delivered,25688.69
O00997,2025-06-04,C0086,P0032,S020,4,56012.38,43964.16,Delivered,12048.22
O00998,2025-07-07,C0135,P0071,S023,13,113080.64,88220.73,Delivered,24859.91
O00999,2025-01-07,C0014,P0067,S016,12,87593.63,61671.60,Returned,25922.03
O01000,2025-05-13,C0120,P0020,S014,2,16596.79,12982.56,Returned,3614.23
O01001,2025-12-12,C0051,P0039,S001,3,6166.84,4589.88,Delivered,1576.96
O00013,2025-08-01,C0039,P0033,S018,,31397.45,26581.23,Delivered,4816.22
O00026,2025-01-01,C0079,P0014,S005,,8857.05,6429.60,Processing,2427.45
